Bujur,Lintang,Kepercayaan,Region,Provinsi,Kabupaten,Kecamatan,Satelit,Tanggal,Waktu
106.2878,-6.1380,8,JAWA,BANTEN,KAB. SERANG,KRAGILAN,TERRA,2020-08-02,03:25:00
105.9586,-6.0302,7,JAWA,BANTEN,KOTA CILEGON,CIWADAN,SNPP,2020-08-02,06:35:16.000000
107.9795,-6.5962,8,JAWA,JAWA BARAT,KAB. INDRAMAYU,TERISI,SNPP,2020-08-02,06:35:16.000000
107.7042,-6.4210,8,JAWA,JAWA BARAT,KAB. SUBANG,CIKAUM,SNPP,2020-08-02,06:35:16.000000
107.6853,-6.3989,8,JAWA,JAWA BARAT,KAB. SUBANG,PURWADADI,NOAA20,2020-08-02,05:44:02.000000
106.7908,-6.8519,8,JAWA,JAWA BARAT,KAB. SUKABUMI,CIAMBAR,TERRA,2020-08-02,03:25:00
106.7896,-6.8704,8,JAWA,JAWA BARAT,KAB. SUKABUMI,NAGRAK,AQUA,2020-08-02,06:17:00
106.7635,-7.2932,8,JAWA,JAWA BARAT,KAB. SUKABUMI,TEGALBULEUD,NOAA20,2020-08-02,05:44:02.000000
107.8107,-6.9643,8,JAWA,JAWA BARAT,KAB. SUMEDANG,CIMANGGUNG,TERRA,2020-08-02,03:25:00
109.9270,-6.9240,8,JAWA,JAWA TENGAH,KAB. BATANG,BANYUPUTIH,NOAA20,2020-08-02,05:44:02.000000
109.9239,-6.9232,8,JAWA,JAWA TENGAH,KAB. BATANG,BANYUPUTIH,NOAA20,2020-08-02,05:44:02.000000
111.4084,-7.3154,8,JAWA,JAWA TENGAH,KAB. BLORA,KRADENAN,NOAA20,2020-08-02,05:44:02.000000
111.4054,-7.1688,8,JAWA,JAWA TENGAH,KAB. BLORA,RANDUBLATUNG,AQUA,2020-08-02,06:17:00
109.0224,-7.0353,8,JAWA,JAWA TENGAH,KAB. BREBES,SONGGOM,AQUA,2020-08-02,06:17:00
109.0200,-7.0343,8,JAWA,JAWA TENGAH,KAB. BREBES,SONGGOM,SNPP,2020-08-02,06:33:51.000000
109.0193,-7.0301,8,JAWA,JAWA TENGAH,KAB. BREBES,SONGGOM,SNPP,2020-08-02,06:33:51.000000
109.0193,-7.0337,8,JAWA,JAWA TENGAH,KAB. BREBES,SONGGOM,SNPP,2020-08-02,06:33:51.000000
110.6664,-7.2050,8,JAWA,JAWA TENGAH,KAB. GROBOGAN,KEDUNGJATI,NOAA20,2020-08-02,05:44:02.000000
110.6166,-7.0745,8,JAWA,JAWA TENGAH,KAB. GROBOGAN,TEGOWANU,NOAA20,2020-08-02,05:44:02.000000
110.9476,-6.9492,7,JAWA,JAWA TENGAH,KAB. PATI,SUKOLILO,NOAA20,2020-08-02,05:44:02.000000
110.9497,-6.9406,8,JAWA,JAWA TENGAH,KAB. PATI,SUKOLILO,NOAA20,2020-08-02,05:44:02.000000
112.9859,-7.1739,8,JAWA,JAWA TIMUR,KAB. BANGKALAN,MODUNG,NOAA20,2020-08-02,05:44:02.000000
112.9817,-7.1745,8,JAWA,JAWA TIMUR,KAB. BANGKALAN,MODUNG,NOAA20,2020-08-02,05:44:02.000000
112.9831,-7.1740,8,JAWA,JAWA TIMUR,KAB. BANGKALAN,MODUNG,SNPP,2020-08-02,06:33:51.000000
111.8935,-7.3029,8,JAWA,JAWA TIMUR,KAB. BOJONEGORO,DANDER,NOAA20,2020-08-02,05:44:02.000000
113.9308,-7.8268,8,JAWA,JAWA TIMUR,KAB. BONDOWOSO,KLABANG,NOAA20,2020-08-02,05:44:02.000000
114.0510,-8.1205,8,JAWA,JAWA TIMUR,KAB. BONDOWOSO,TLOGOSARI,AQUA,2020-08-02,06:17:00
114.0575,-8.1150,8,JAWA,JAWA TIMUR,KAB. BONDOWOSO,TLOGOSARI,SNPP,2020-08-02,06:33:51.000000
113.4762,-8.1638,8,JAWA,JAWA TIMUR,KAB. JEMBER,TANGGUL,NOAA20,2020-08-02,05:44:02.000000
112.9298,-8.1190,8,JAWA,JAWA TIMUR,KAB. LUMAJANG,PRONOJIWO,AQUA,2020-08-02,06:17:00
112.9302,-8.1116,8,JAWA,JAWA TIMUR,KAB. LUMAJANG,PRONOJIWO,SNPP,2020-08-02,06:33:51.000000
111.8211,-7.6331,8,JAWA,JAWA TIMUR,KAB. NGANJUK,BERBEK,NOAA20,2020-08-02,05:44:02.000000
111.2914,-7.3870,8,JAWA,JAWA TIMUR,KAB. NGAWI,KEDUNGGALAR,NOAA20,2020-08-02,05:44:02.000000
112.7413,-7.6457,8,JAWA,JAWA TIMUR,KAB. PASURUAN,PANDAAN,NOAA20,2020-08-02,05:44:02.000000
112.8035,-7.6576,8,JAWA,JAWA TIMUR,KAB. PASURUAN,REMBANG,SNPP,2020-08-02,06:33:51.000000
111.3313,-7.9167,8,JAWA,JAWA TIMUR,KAB. PONOROGO,BADEGAN,NOAA20,2020-08-02,05:44:02.000000
111.4458,-7.8866,8,JAWA,JAWA TIMUR,KAB. PONOROGO,KAUMAN,NOAA20,2020-08-02,05:44:02.000000
111.4432,-7.8891,8,JAWA,JAWA TIMUR,KAB. PONOROGO,SUKOREJO,NOAA20,2020-08-02,05:44:02.000000
112.7231,-7.3762,7,JAWA,JAWA TIMUR,KAB. SIDOARJO,GEDANGAN,NOAA20,2020-08-02,05:44:02.000000
114.2327,-7.7857,8,JAWA,JAWA TIMUR,KAB. SITUBONDO,BANYUPUTIH,SNPP,2020-08-02,06:33:51.000000
113.9081,-7.7289,8,JAWA,JAWA TIMUR,KAB. SITUBONDO,KENDIT,NOAA20,2020-08-02,05:44:02.000000
113.9037,-7.7260,8,JAWA,JAWA TIMUR,KAB. SITUBONDO,KENDIT,NOAA20,2020-08-02,05:44:02.000000
113.9617,-7.7690,8,JAWA,JAWA TIMUR,KAB. SITUBONDO,SITUBONDO,NOAA20,2020-08-02,05:44:02.000000
113.6720,-6.8896,8,JAWA,JAWA TIMUR,KAB. SUMENEP,PASONGSONGAN,NOAA20,2020-08-02,05:44:02.000000
112.0284,-7.8084,8,JAWA,JAWA TIMUR,KOTA KEDIRI,KOTA KEDIRI,NOAA20,2020-08-02,05:44:02.000000
112.8066,-7.3154,8,JAWA,JAWA TIMUR,KOTA SURABAYA,RUNGKUT,NOAA20,2020-08-02,05:44:02.000000
112.8084,-7.3174,9,JAWA,JAWA TIMUR,KOTA SURABAYA,RUNGKUT,SNPP,2020-08-02,06:33:51.000000
112.8074,-7.3121,8,JAWA,JAWA TIMUR,KOTA SURABAYA,RUNGKUT,SNPP,2020-08-02,06:33:51.000000
110.1176,-2.1877,8,KALIMANTAN,KALIMANTAN BARAT,KAB. KETAPANG,MATAN HILIR SELATAN,NOAA20,2020-08-02,05:45:27.000000
110.1239,-2.1827,8,KALIMANTAN,KALIMANTAN BARAT,KAB. KETAPANG,MATAN HILIR SELATAN,NOAA20,2020-08-02,05:45:27.000000
110.5815,-1.1441,8,KALIMANTAN,KALIMANTAN BARAT,KAB. KETAPANG,SANDAI,SNPP,2020-08-02,06:36:41.000000
110.5474,-0.6476,8,KALIMANTAN,KALIMANTAN BARAT,KAB. KETAPANG,SUNGAI LAUR,SNPP,2020-08-02,06:36:41.000000
110.5443,-0.6481,8,KALIMANTAN,KALIMANTAN BARAT,KAB. KETAPANG,SUNGAI LAUR,SNPP,2020-08-02,06:36:41.000000
109.8431,0.3961,8,KALIMANTAN,KALIMANTAN BARAT,KAB. LANDAK,NGABANG,NOAA20,2020-08-02,05:46:51.000000
109.6044,0.3111,8,KALIMANTAN,KALIMANTAN BARAT,KAB. LANDAK,SEBANGKI,NOAA20,2020-08-02,05:46:51.000000
110.0144,0.7800,8,KALIMANTAN,KALIMANTAN BARAT,KAB. LANDAK,SERIMBU,NOAA20,2020-08-02,05:46:51.000000
110.0896,0.7996,8,KALIMANTAN,KALIMANTAN BARAT,KAB. LANDAK,SERIMBU,NOAA20,2020-08-02,05:46:51.000000
109.9892,0.7840,8,KALIMANTAN,KALIMANTAN BARAT,KAB. LANDAK,SERIMBU,NOAA20,2020-08-02,05:46:51.000000
109.5176,0.4551,8,KALIMANTAN,KALIMANTAN BARAT,KAB. LANDAK,SOMPAK,SNPP,2020-08-02,06:36:41.000000
111.7948,-0.7375,8,KALIMANTAN,KALIMANTAN BARAT,KAB. MELAWI,SAYAN,NOAA20,2020-08-02,05:45:27.000000
109.2606,1.0532,8,KALIMANTAN,KALIMANTAN BARAT,KAB. SAMBAS,TEBAS,NOAA20,2020-08-02,05:46:51.000000
110.3839,0.8258,8,KALIMANTAN,KALIMANTAN BARAT,KAB. SANGGAU,BALAIKARANGAN,NOAA20,2020-08-02,05:46:51.000000
110.3793,0.8251,8,KALIMANTAN,KALIMANTAN BARAT,KAB. SANGGAU,BALAIKARANGAN,NOAA20,2020-08-02,05:46:51.000000
110.3610,0.8224,8,KALIMANTAN,KALIMANTAN BARAT,KAB. SANGGAU,BALAIKARANGAN,NOAA20,2020-08-02,05:46:51.000000
110.3821,0.8180,8,KALIMANTAN,KALIMANTAN BARAT,KAB. SANGGAU,BALAIKARANGAN,NOAA20,2020-08-02,05:46:51.000000
110.3810,0.8256,8,KALIMANTAN,KALIMANTAN BARAT,KAB. SANGGAU,BALAIKARANGAN,NOAA20,2020-08-02,05:46:51.000000
110.3627,0.8227,8,KALIMANTAN,KALIMANTAN BARAT,KAB. SANGGAU,BALAIKARANGAN,NOAA20,2020-08-02,05:46:51.000000
110.3793,0.8369,8,KALIMANTAN,KALIMANTAN BARAT,KAB. SANGGAU,BALAIKARANGAN,NOAA20,2020-08-02,05:46:51.000000
110.3657,0.8348,8,KALIMANTAN,KALIMANTAN BARAT,KAB. SANGGAU,BALAIKARANGAN,NOAA20,2020-08-02,05:46:51.000000
110.3732,0.8475,8,KALIMANTAN,KALIMANTAN BARAT,KAB. SANGGAU,BALAIKARANGAN,NOAA20,2020-08-02,05:46:51.000000
110.3592,0.8115,8,KALIMANTAN,KALIMANTAN BARAT,KAB. SANGGAU,BALAIKARANGAN,SNPP,2020-08-02,06:36:41.000000
110.3623,0.8120,7,KALIMANTAN,KALIMANTAN BARAT,KAB. SANGGAU,BALAIKARANGAN,SNPP,2020-08-02,06:36:41.000000
110.3833,0.8206,8,KALIMANTAN,KALIMANTAN BARAT,KAB. SANGGAU,BALAIKARANGAN,SNPP,2020-08-02,06:36:41.000000
110.3634,0.8134,8,KALIMANTAN,KALIMANTAN BARAT,KAB. SANGGAU,BALAIKARANGAN,SNPP,2020-08-02,06:36:41.000000
110.3603,0.8130,8,KALIMANTAN,KALIMANTAN BARAT,KAB. SANGGAU,BALAIKARANGAN,SNPP,2020-08-02,06:36:41.000000
110.3790,0.8370,8,KALIMANTAN,KALIMANTAN BARAT,KAB. SANGGAU,BALAIKARANGAN,SNPP,2020-08-02,06:36:41.000000
110.3758,0.8365,8,KALIMANTAN,KALIMANTAN BARAT,KAB. SANGGAU,BALAIKARANGAN,SNPP,2020-08-02,06:36:41.000000
110.3107,0.7838,8,KALIMANTAN,KALIMANTAN BARAT,KAB. SANGGAU,BEDUAI,NOAA20,2020-08-02,05:46:51.000000
110.2559,0.9110,8,KALIMANTAN,KALIMANTAN BARAT,KAB. SANGGAU,ENTIKONG,NOAA20,2020-08-02,05:46:51.000000
110.2534,0.9102,8,KALIMANTAN,KALIMANTAN BARAT,KAB. SANGGAU,ENTIKONG,NOAA20,2020-08-02,05:46:51.000000
110.1646,1.0398,8,KALIMANTAN,KALIMANTAN BARAT,KAB. SANGGAU,ENTIKONG,NOAA20,2020-08-02,05:46:51.000000
110.1506,1.0376,8,KALIMANTAN,KALIMANTAN BARAT,KAB. SANGGAU,ENTIKONG,NOAA20,2020-08-02,05:46:51.000000
110.1460,1.0369,8,KALIMANTAN,KALIMANTAN BARAT,KAB. SANGGAU,ENTIKONG,NOAA20,2020-08-02,05:46:51.000000
110.1502,1.0415,8,KALIMANTAN,KALIMANTAN BARAT,KAB. SANGGAU,ENTIKONG,NOAA20,2020-08-02,05:46:51.000000
110.1362,1.0393,8,KALIMANTAN,KALIMANTAN BARAT,KAB. SANGGAU,ENTIKONG,NOAA20,2020-08-02,05:46:51.000000
110.8040,0.4993,8,KALIMANTAN,KALIMANTAN BARAT,KAB. SANGGAU,JANGKANG,NOAA20,2020-08-02,05:46:51.000000
110.4820,0.5892,8,KALIMANTAN,KALIMANTAN BARAT,KAB. SANGGAU,KEMBAYAN,NOAA20,2020-08-02,05:46:51.000000
110.3912,0.6179,8,KALIMANTAN,KALIMANTAN BARAT,KAB. SANGGAU,KEMBAYAN,SNPP,2020-08-02,06:36:41.000000
110.3881,0.6174,8,KALIMANTAN,KALIMANTAN BARAT,KAB. SANGGAU,KEMBAYAN,SNPP,2020-08-02,06:36:41.000000
110.3905,0.6193,8,KALIMANTAN,KALIMANTAN BARAT,KAB. SANGGAU,KEMBAYAN,SNPP,2020-08-02,06:36:41.000000
110.3874,0.6188,8,KALIMANTAN,KALIMANTAN BARAT,KAB. SANGGAU,KEMBAYAN,SNPP,2020-08-02,06:36:41.000000
111.6471,-0.0654,8,KALIMANTAN,KALIMANTAN BARAT,KAB. SINTANG,NANGADEDAI,NOAA20,2020-08-02,05:45:27.000000
111.6472,-0.0663,8,KALIMANTAN,KALIMANTAN BARAT,KAB. SINTANG,NANGADEDAI,NOAA20,2020-08-02,05:45:27.000000
111.6062,-0.1238,8,KALIMANTAN,KALIMANTAN BARAT,KAB. SINTANG,NANGADEDAI,SNPP,2020-08-02,06:36:41.000000
112.0647,0.0874,8,KALIMANTAN,KALIMANTAN BARAT,KAB. SINTANG,NANGAMAU,NOAA20,2020-08-02,05:45:27.000000
113.0573,-2.1398,8,KALIMANTAN,KALIMANTAN TENGAH,KAB. KOTAWARINGIN TIMUR,CEMPAGA HULU,NOAA20,2020-08-02,05:45:27.000000
111.1729,-2.0960,8,KALIMANTAN,KALIMANTAN TENGAH,KAB. SUKAMARA,PERMATA KECUBUNG,SNPP,2020-08-02,06:35:16.000000
116.8130,0.7970,8,KALIMANTAN,KALIMANTAN TIMUR,KAB. KUTAI TIMUR,TELEN,AQUA,2020-08-02,06:17:00
116.8043,0.8054,8,KALIMANTAN,KALIMANTAN TIMUR,KAB. KUTAI TIMUR,TELEN,AQUA,2020-08-02,06:17:00
128.9257,-8.2001,8,KEPULAUAN MALUKU,MALUKU,KAB. MALUKU BARAT DAYA,PULAU-PULAU BESAR,SNPP,2020-08-02,04:52:50.000000
129.6422,-2.8373,8,KEPULAUAN MALUKU,MALUKU,KAB. MALUKU TENGAH,SERAM UTARA,AQUA,2020-08-02,04:40:00
129.8230,-3.0502,8,KEPULAUAN MALUKU,MALUKU,KAB. MALUKU TENGAH,SERAM UTARA,SNPP,2020-08-02,04:54:16.000000
131.9177,-7.2243,8,KEPULAUAN MALUKU,MALUKU,KAB. MALUKU TENGGARA BARAT,TANIMBAR UTARA,SNPP,2020-08-02,04:52:50.000000
118.8313,-8.2881,8,KEPULAUAN NUSA TENGGARA,NUSA TENGGARA BARAT,KAB. BIMA,AMBALAWI,NOAA20,2020-08-02,05:44:02.000000
118.6120,-8.4758,7,KEPULAUAN NUSA TENGGARA,NUSA TENGGARA BARAT,KAB. BIMA,BOLO,NOAA20,2020-08-02,05:44:02.000000
118.6544,-8.4359,7,KEPULAUAN NUSA TENGGARA,NUSA TENGGARA BARAT,KAB. BIMA,DONGGO,SNPP,2020-08-02,04:52:50.000000
118.6537,-8.3428,8,KEPULAUAN NUSA TENGGARA,NUSA TENGGARA BARAT,KAB. BIMA,DONGGO,NOAA20,2020-08-02,05:44:02.000000
118.1531,-8.3821,8,KEPULAUAN NUSA TENGGARA,NUSA TENGGARA BARAT,KAB. BIMA,SANGGAR,SNPP,2020-08-02,04:52:50.000000
118.1737,-8.3596,7,KEPULAUAN NUSA TENGGARA,NUSA TENGGARA BARAT,KAB. BIMA,SANGGAR,SNPP,2020-08-02,04:52:50.000000
118.2951,-8.4208,8,KEPULAUAN NUSA TENGGARA,NUSA TENGGARA BARAT,KAB. BIMA,SANGGAR,NOAA20,2020-08-02,05:44:02.000000
118.2705,-8.3860,8,KEPULAUAN NUSA TENGGARA,NUSA TENGGARA BARAT,KAB. BIMA,SANGGAR,NOAA20,2020-08-02,05:44:02.000000
118.1786,-8.3584,7,KEPULAUAN NUSA TENGGARA,NUSA TENGGARA BARAT,KAB. BIMA,SANGGAR,NOAA20,2020-08-02,05:44:02.000000
118.1514,-8.3557,8,KEPULAUAN NUSA TENGGARA,NUSA TENGGARA BARAT,KAB. BIMA,SANGGAR,NOAA20,2020-08-02,05:44:02.000000
118.1466,-8.3495,8,KEPULAUAN NUSA TENGGARA,NUSA TENGGARA BARAT,KAB. BIMA,SANGGAR,NOAA20,2020-08-02,05:44:02.000000
119.0364,-8.4583,9,KEPULAUAN NUSA TENGGARA,NUSA TENGGARA BARAT,KAB. BIMA,SAPE,SNPP,2020-08-02,04:52:50.000000
119.0366,-8.4570,9,KEPULAUAN NUSA TENGGARA,NUSA TENGGARA BARAT,KAB. BIMA,SAPE,SNPP,2020-08-02,04:52:50.000000
118.9969,-8.5519,7,KEPULAUAN NUSA TENGGARA,NUSA TENGGARA BARAT,KAB. BIMA,SAPE,NOAA20,2020-08-02,05:44:02.000000
119.0394,-8.4618,8,KEPULAUAN NUSA TENGGARA,NUSA TENGGARA BARAT,KAB. BIMA,SAPE,NOAA20,2020-08-02,05:44:02.000000
118.9675,-8.3256,7,KEPULAUAN NUSA TENGGARA,NUSA TENGGARA BARAT,KAB. BIMA,WERA,SNPP,2020-08-02,04:52:50.000000
118.9656,-8.3252,8,KEPULAUAN NUSA TENGGARA,NUSA TENGGARA BARAT,KAB. BIMA,WERA,NOAA20,2020-08-02,05:44:02.000000
118.4741,-8.4709,8,KEPULAUAN NUSA TENGGARA,NUSA TENGGARA BARAT,KAB. DOMPU,DOMPU,SNPP,2020-08-02,04:52:50.000000
118.4388,-8.6751,8,KEPULAUAN NUSA TENGGARA,NUSA TENGGARA BARAT,KAB. DOMPU,HUU,NOAA20,2020-08-02,05:44:02.000000
118.2035,-8.6803,8,KEPULAUAN NUSA TENGGARA,NUSA TENGGARA BARAT,KAB. DOMPU,KEMPO,NOAA20,2020-08-02,05:44:02.000000
118.1763,-8.5091,8,KEPULAUAN NUSA TENGGARA,NUSA TENGGARA BARAT,KAB. DOMPU,KEMPO,NOAA20,2020-08-02,05:44:02.000000
118.1726,-8.5097,7,KEPULAUAN NUSA TENGGARA,NUSA TENGGARA BARAT,KAB. DOMPU,KEMPO,NOAA20,2020-08-02,05:44:02.000000
118.1757,-8.5057,8,KEPULAUAN NUSA TENGGARA,NUSA TENGGARA BARAT,KAB. DOMPU,KEMPO,NOAA20,2020-08-02,05:44:02.000000
118.3276,-8.4577,7,KEPULAUAN NUSA TENGGARA,NUSA TENGGARA BARAT,KAB. DOMPU,KEMPO,NOAA20,2020-08-02,05:44:02.000000
118.1535,-8.4848,8,KEPULAUAN NUSA TENGGARA,NUSA TENGGARA BARAT,KAB. DOMPU,KEMPO,NOAA20,2020-08-02,05:44:02.000000
118.1403,-8.4729,8,KEPULAUAN NUSA TENGGARA,NUSA TENGGARA BARAT,KAB. DOMPU,KEMPO,NOAA20,2020-08-02,05:44:02.000000
118.3742,-8.3542,8,KEPULAUAN NUSA TENGGARA,NUSA TENGGARA BARAT,KAB. DOMPU,KILO,SNPP,2020-08-02,04:52:50.000000
118.3346,-8.6570,8,KEPULAUAN NUSA TENGGARA,NUSA TENGGARA BARAT,KAB. DOMPU,WOJU,SNPP,2020-08-02,04:52:50.000000
118.3332,-8.6559,8,KEPULAUAN NUSA TENGGARA,NUSA TENGGARA BARAT,KAB. DOMPU,WOJU,SNPP,2020-08-02,04:52:50.000000
118.3522,-8.5415,8,KEPULAUAN NUSA TENGGARA,NUSA TENGGARA BARAT,KAB. DOMPU,WOJU,NOAA20,2020-08-02,05:44:02.000000
118.4050,-8.5121,8,KEPULAUAN NUSA TENGGARA,NUSA TENGGARA BARAT,KAB. DOMPU,WOJU,NOAA20,2020-08-02,05:44:02.000000
118.3959,-8.5030,8,KEPULAUAN NUSA TENGGARA,NUSA TENGGARA BARAT,KAB. DOMPU,WOJU,NOAA20,2020-08-02,05:44:02.000000
116.1620,-8.6405,8,KEPULAUAN NUSA TENGGARA,NUSA TENGGARA BARAT,KAB. LOMBOK BARAT,KEDIRI,NOAA20,2020-08-02,05:44:02.000000
116.3075,-8.2352,8,KEPULAUAN NUSA TENGGARA,NUSA TENGGARA BARAT,KAB. LOMBOK UTARA,BAYAN,NOAA20,2020-08-02,05:44:02.000000
116.8992,-8.5457,7,KEPULAUAN NUSA TENGGARA,NUSA TENGGARA BARAT,KAB. SUMBAWA,ALAS BARAT,NOAA20,2020-08-02,05:44:02.000000
116.9081,-8.5341,7,KEPULAUAN NUSA TENGGARA,NUSA TENGGARA BARAT,KAB. SUMBAWA,ALAS BARAT,NOAA20,2020-08-02,05:44:02.000000
117.0669,-8.4522,8,KEPULAUAN NUSA TENGGARA,NUSA TENGGARA BARAT,KAB. SUMBAWA,BUER,NOAA20,2020-08-02,05:44:02.000000
117.3859,-8.4847,7,KEPULAUAN NUSA TENGGARA,NUSA TENGGARA BARAT,KAB. SUMBAWA,LABUHAN BADAS,NOAA20,2020-08-02,05:44:02.000000
117.4792,-8.5686,7,KEPULAUAN NUSA TENGGARA,NUSA TENGGARA BARAT,KAB. SUMBAWA,MOYO HILIR,NOAA20,2020-08-02,05:44:02.000000
117.5025,-8.5548,8,KEPULAUAN NUSA TENGGARA,NUSA TENGGARA BARAT,KAB. SUMBAWA,MOYO HILIR,NOAA20,2020-08-02,05:44:02.000000
117.5593,-8.4305,8,KEPULAUAN NUSA TENGGARA,NUSA TENGGARA BARAT,KAB. SUMBAWA,MOYO HILIR,NOAA20,2020-08-02,05:44:02.000000
117.5588,-8.4272,8,KEPULAUAN NUSA TENGGARA,NUSA TENGGARA BARAT,KAB. SUMBAWA,MOYO HILIR,NOAA20,2020-08-02,05:44:02.000000
117.5571,-8.4304,8,KEPULAUAN NUSA TENGGARA,NUSA TENGGARA BARAT,KAB. SUMBAWA,MOYO HILIR,SNPP,2020-08-02,06:33:51.000000
117.5092,-8.4368,8,KEPULAUAN NUSA TENGGARA,NUSA TENGGARA BARAT,KAB. SUMBAWA,MOYO UTARA,SNPP,2020-08-02,04:52:50.000000
117.5070,-8.4404,8,KEPULAUAN NUSA TENGGARA,NUSA TENGGARA BARAT,KAB. SUMBAWA,MOYO UTARA,SNPP,2020-08-02,04:52:50.000000
117.5307,-8.4110,8,KEPULAUAN NUSA TENGGARA,NUSA TENGGARA BARAT,KAB. SUMBAWA,MOYO UTARA,NOAA20,2020-08-02,05:44:02.000000
117.2405,-8.4565,8,KEPULAUAN NUSA TENGGARA,NUSA TENGGARA BARAT,KAB. SUMBAWA,RHEE,SNPP,2020-08-02,04:52:50.000000
117.2430,-8.4550,8,KEPULAUAN NUSA TENGGARA,NUSA TENGGARA BARAT,KAB. SUMBAWA,RHEE,SNPP,2020-08-02,04:52:50.000000
117.2376,-8.4557,8,KEPULAUAN NUSA TENGGARA,NUSA TENGGARA BARAT,KAB. SUMBAWA,RHEE,SNPP,2020-08-02,04:52:50.000000
117.2439,-8.4554,8,KEPULAUAN NUSA TENGGARA,NUSA TENGGARA BARAT,KAB. SUMBAWA,RHEE,NOAA20,2020-08-02,05:44:02.000000
118.0590,-8.7158,8,KEPULAUAN NUSA TENGGARA,NUSA TENGGARA BARAT,KAB. SUMBAWA,TARANO,SNPP,2020-08-02,04:52:50.000000
118.2226,-8.7511,8,KEPULAUAN NUSA TENGGARA,NUSA TENGGARA BARAT,KAB. SUMBAWA,TARANO,NOAA20,2020-08-02,05:44:02.000000
118.2609,-8.7097,8,KEPULAUAN NUSA TENGGARA,NUSA TENGGARA BARAT,KAB. SUMBAWA,TARANO,NOAA20,2020-08-02,05:44:02.000000
118.2572,-8.7103,7,KEPULAUAN NUSA TENGGARA,NUSA TENGGARA BARAT,KAB. SUMBAWA,TARANO,NOAA20,2020-08-02,05:44:02.000000
118.7121,-8.3868,7,KEPULAUAN NUSA TENGGARA,NUSA TENGGARA BARAT,KOTA BIMA,RASANAE BARAT,NOAA20,2020-08-02,05:44:02.000000
124.3949,-8.4175,8,KEPULAUAN NUSA TENGGARA,NUSA TENGGARA TIMUR,KAB. ALOR,ALOR BARAT LAUT,SNPP,2020-08-02,04:52:50.000000
124.4103,-8.4113,8,KEPULAUAN NUSA TENGGARA,NUSA TENGGARA TIMUR,KAB. ALOR,ALOR BARAT LAUT,SNPP,2020-08-02,04:52:50.000000
124.3666,-8.4134,8,KEPULAUAN NUSA TENGGARA,NUSA TENGGARA TIMUR,KAB. ALOR,ALOR BARAT LAUT,SNPP,2020-08-02,04:52:50.000000
124.4085,-8.3483,8,KEPULAUAN NUSA TENGGARA,NUSA TENGGARA TIMUR,KAB. ALOR,ALOR BARAT LAUT,SNPP,2020-08-02,04:52:50.000000
124.5488,-8.2760,8,KEPULAUAN NUSA TENGGARA,NUSA TENGGARA TIMUR,KAB. ALOR,ALOR BARAT LAUT,SNPP,2020-08-02,04:52:50.000000
124.6527,-8.2855,8,KEPULAUAN NUSA TENGGARA,NUSA TENGGARA TIMUR,KAB. ALOR,ALOR SELATAN,SNPP,2020-08-02,04:52:50.000000
124.6478,-8.2861,8,KEPULAUAN NUSA TENGGARA,NUSA TENGGARA TIMUR,KAB. ALOR,ALOR SELATAN,SNPP,2020-08-02,04:52:50.000000
124.1129,-8.4279,8,KEPULAUAN NUSA TENGGARA,NUSA TENGGARA TIMUR,KAB. ALOR,PEMBANTU PANTAR,SNPP,2020-08-02,04:52:50.000000
124.1124,-8.4239,8,KEPULAUAN NUSA TENGGARA,NUSA TENGGARA TIMUR,KAB. ALOR,PEMBANTU PANTAR,SNPP,2020-08-02,04:52:50.000000
124.0753,-8.4248,7,KEPULAUAN NUSA TENGGARA,NUSA TENGGARA TIMUR,KAB. ALOR,PEMBANTU PANTAR,SNPP,2020-08-02,04:52:50.000000
124.1183,-8.4287,8,KEPULAUAN NUSA TENGGARA,NUSA TENGGARA TIMUR,KAB. ALOR,PEMBANTU PANTAR,NOAA20,2020-08-02,05:42:36.000000
124.1127,-8.4297,8,KEPULAUAN NUSA TENGGARA,NUSA TENGGARA TIMUR,KAB. ALOR,PEMBANTU PANTAR,NOAA20,2020-08-02,05:42:36.000000
124.1118,-8.4249,7,KEPULAUAN NUSA TENGGARA,NUSA TENGGARA TIMUR,KAB. ALOR,PEMBANTU PANTAR,NOAA20,2020-08-02,05:42:36.000000
125.1150,-9.0616,7,KEPULAUAN NUSA TENGGARA,NUSA TENGGARA TIMUR,KAB. BELU,RAIHAT,SNPP,2020-08-02,04:52:50.000000
125.1499,-9.0528,7,KEPULAUAN NUSA TENGGARA,NUSA TENGGARA TIMUR,KAB. BELU,RAIHAT,SNPP,2020-08-02,04:52:50.000000
125.1207,-9.0541,9,KEPULAUAN NUSA TENGGARA,NUSA TENGGARA TIMUR,KAB. BELU,RAIHAT,NOAA20,2020-08-02,05:42:36.000000
124.8708,-9.2634,8,KEPULAUAN NUSA TENGGARA,NUSA TENGGARA TIMUR,KAB. BELU,TASIFETO BARAT,SNPP,2020-08-02,04:52:50.000000
125.0074,-9.1771,9,KEPULAUAN NUSA TENGGARA,NUSA TENGGARA TIMUR,KAB. BELU,TASIFETO TIMUR,NOAA20,2020-08-02,05:42:36.000000
123.2470,-8.3311,8,KEPULAUAN NUSA TENGGARA,NUSA TENGGARA TIMUR,KAB. FLORES TIMUR,ADONARA TIMUR,SNPP,2020-08-02,04:52:50.000000
123.1765,-8.3406,8,KEPULAUAN NUSA TENGGARA,NUSA TENGGARA TIMUR,KAB. FLORES TIMUR,ADONARA TIMUR,SNPP,2020-08-02,04:52:50.000000
123.2462,-8.3323,8,KEPULAUAN NUSA TENGGARA,NUSA TENGGARA TIMUR,KAB. FLORES TIMUR,ADONARA TIMUR,NOAA20,2020-08-02,05:42:36.000000
123.8945,-10.1568,9,KEPULAUAN NUSA TENGGARA,NUSA TENGGARA TIMUR,KAB. KUPANG,AMABI OEFETO,SNPP,2020-08-02,04:52:50.000000
123.8947,-10.1567,9,KEPULAUAN NUSA TENGGARA,NUSA TENGGARA TIMUR,KAB. KUPANG,AMABI OEFETO,SNPP,2020-08-02,04:52:50.000000
123.8970,-10.1595,8,KEPULAUAN NUSA TENGGARA,NUSA TENGGARA TIMUR,KAB. KUPANG,AMABI OEFETO,NOAA20,2020-08-02,05:42:36.000000
123.8923,-10.1603,8,KEPULAUAN NUSA TENGGARA,NUSA TENGGARA TIMUR,KAB. KUPANG,AMABI OEFETO,NOAA20,2020-08-02,05:42:36.000000
123.9590,-10.1202,8,KEPULAUAN NUSA TENGGARA,NUSA TENGGARA TIMUR,KAB. KUPANG,AMABI OEFETO,NOAA20,2020-08-02,05:42:36.000000
124.1175,-9.4735,8,KEPULAUAN NUSA TENGGARA,NUSA TENGGARA TIMUR,KAB. KUPANG,AMFOANG TIMUR,SNPP,2020-08-02,04:52:50.000000
124.0523,-10.0540,8,KEPULAUAN NUSA TENGGARA,NUSA TENGGARA TIMUR,KAB. KUPANG,FATULEU,SNPP,2020-08-02,04:52:50.000000
124.0499,-10.0373,8,KEPULAUAN NUSA TENGGARA,NUSA TENGGARA TIMUR,KAB. KUPANG,FATULEU,SNPP,2020-08-02,04:52:50.000000
124.0495,-10.0365,8,KEPULAUAN NUSA TENGGARA,NUSA TENGGARA TIMUR,KAB. KUPANG,FATULEU,SNPP,2020-08-02,04:52:50.000000
124.0508,-10.0562,7,KEPULAUAN NUSA TENGGARA,NUSA TENGGARA TIMUR,KAB. KUPANG,FATULEU,NOAA20,2020-08-02,05:42:36.000000
124.0497,-10.0391,7,KEPULAUAN NUSA TENGGARA,NUSA TENGGARA TIMUR,KAB. KUPANG,FATULEU,NOAA20,2020-08-02,05:42:36.000000
123.5869,-10.2366,8,KEPULAUAN NUSA TENGGARA,NUSA TENGGARA TIMUR,KAB. KUPANG,KUPANG BARAT,SNPP,2020-08-02,04:52:50.000000
123.5253,-10.2421,8,KEPULAUAN NUSA TENGGARA,NUSA TENGGARA TIMUR,KAB. KUPANG,KUPANG BARAT,NOAA20,2020-08-02,05:42:36.000000
123.8070,-9.9885,8,KEPULAUAN NUSA TENGGARA,NUSA TENGGARA TIMUR,KAB. KUPANG,SULAMU,SNPP,2020-08-02,04:52:50.000000
123.7485,-9.9660,8,KEPULAUAN NUSA TENGGARA,NUSA TENGGARA TIMUR,KAB. KUPANG,SULAMU,SNPP,2020-08-02,04:52:50.000000
123.7489,-9.9667,8,KEPULAUAN NUSA TENGGARA,NUSA TENGGARA TIMUR,KAB. KUPANG,SULAMU,SNPP,2020-08-02,04:52:50.000000
123.7524,-9.9679,8,KEPULAUAN NUSA TENGGARA,NUSA TENGGARA TIMUR,KAB. KUPANG,SULAMU,NOAA20,2020-08-02,05:42:36.000000
124.0620,-9.7610,8,KEPULAUAN NUSA TENGGARA,NUSA TENGGARA TIMUR,KAB. KUPANG,TAKARI,SNPP,2020-08-02,04:52:50.000000
120.3201,-8.6498,8,KEPULAUAN NUSA TENGGARA,NUSA TENGGARA TIMUR,KAB. MANGGARAI,RUTENG,NOAA20,2020-08-02,05:44:02.000000
120.3343,-8.5926,8,KEPULAUAN NUSA TENGGARA,NUSA TENGGARA TIMUR,KAB. MANGGARAI,RUTENG,NOAA20,2020-08-02,05:44:02.000000
120.8707,-8.6915,8,KEPULAUAN NUSA TENGGARA,NUSA TENGGARA TIMUR,KAB. MANGGARAI TIMUR,ELAR,SNPP,2020-08-02,04:52:50.000000
120.8525,-8.6835,8,KEPULAUAN NUSA TENGGARA,NUSA TENGGARA TIMUR,KAB. MANGGARAI TIMUR,ELAR,SNPP,2020-08-02,04:52:50.000000
120.8759,-8.6867,8,KEPULAUAN NUSA TENGGARA,NUSA TENGGARA TIMUR,KAB. MANGGARAI TIMUR,ELAR,NOAA20,2020-08-02,05:42:36.000000
120.8711,-8.6875,7,KEPULAUAN NUSA TENGGARA,NUSA TENGGARA TIMUR,KAB. MANGGARAI TIMUR,ELAR,NOAA20,2020-08-02,05:42:36.000000
120.8752,-8.6829,8,KEPULAUAN NUSA TENGGARA,NUSA TENGGARA TIMUR,KAB. MANGGARAI TIMUR,ELAR,NOAA20,2020-08-02,05:42:36.000000
120.8780,-8.6705,8,KEPULAUAN NUSA TENGGARA,NUSA TENGGARA TIMUR,KAB. MANGGARAI TIMUR,ELAR,NOAA20,2020-08-02,05:42:36.000000
120.9386,-8.3748,8,KEPULAUAN NUSA TENGGARA,NUSA TENGGARA TIMUR,KAB. MANGGARAI TIMUR,ELAR,NOAA20,2020-08-02,05:44:02.000000
120.9427,-8.3662,8,KEPULAUAN NUSA TENGGARA,NUSA TENGGARA TIMUR,KAB. MANGGARAI TIMUR,ELAR,NOAA20,2020-08-02,05:44:02.000000
120.8254,-8.7338,7,KEPULAUAN NUSA TENGGARA,NUSA TENGGARA TIMUR,KAB. MANGGARAI TIMUR,KOTAKOMBA,SNPP,2020-08-02,04:52:50.000000
120.8359,-8.7272,8,KEPULAUAN NUSA TENGGARA,NUSA TENGGARA TIMUR,KAB. MANGGARAI TIMUR,KOTAKOMBA,SNPP,2020-08-02,04:52:50.000000
120.8343,-8.7222,8,KEPULAUAN NUSA TENGGARA,NUSA TENGGARA TIMUR,KAB. MANGGARAI TIMUR,KOTAKOMBA,SNPP,2020-08-02,04:52:50.000000
120.8348,-8.7053,8,KEPULAUAN NUSA TENGGARA,NUSA TENGGARA TIMUR,KAB. MANGGARAI TIMUR,KOTAKOMBA,NOAA20,2020-08-02,05:42:36.000000
120.9192,-8.6902,8,KEPULAUAN NUSA TENGGARA,NUSA TENGGARA TIMUR,KAB. NGADA,BAJAWA UTARA,SNPP,2020-08-02,04:52:50.000000
120.9252,-8.6945,7,KEPULAUAN NUSA TENGGARA,NUSA TENGGARA TIMUR,KAB. NGADA,BAJAWA UTARA,NOAA20,2020-08-02,05:42:36.000000
120.9612,-8.5825,9,KEPULAUAN NUSA TENGGARA,NUSA TENGGARA TIMUR,KAB. NGADA,RIUNG BARAT,SNPP,2020-08-02,04:52:50.000000
120.9652,-8.5820,8,KEPULAUAN NUSA TENGGARA,NUSA TENGGARA TIMUR,KAB. NGADA,RIUNG BARAT,SNPP,2020-08-02,04:52:50.000000
120.9528,-8.5734,8,KEPULAUAN NUSA TENGGARA,NUSA TENGGARA TIMUR,KAB. NGADA,RIUNG BARAT,SNPP,2020-08-02,04:52:50.000000
120.9402,-8.5596,8,KEPULAUAN NUSA TENGGARA,NUSA TENGGARA TIMUR,KAB. NGADA,RIUNG BARAT,SNPP,2020-08-02,04:52:50.000000
120.9948,-8.5587,7,KEPULAUAN NUSA TENGGARA,NUSA TENGGARA TIMUR,KAB. NGADA,RIUNG BARAT,NOAA20,2020-08-02,05:44:02.000000
120.9793,-8.6361,8,KEPULAUAN NUSA TENGGARA,NUSA TENGGARA TIMUR,KAB. NGADA,WOLOMEZE,SNPP,2020-08-02,04:52:50.000000
120.9732,-8.6317,9,KEPULAUAN NUSA TENGGARA,NUSA TENGGARA TIMUR,KAB. NGADA,WOLOMEZE,SNPP,2020-08-02,04:52:50.000000
120.9755,-8.6314,8,KEPULAUAN NUSA TENGGARA,NUSA TENGGARA TIMUR,KAB. NGADA,WOLOMEZE,SNPP,2020-08-02,04:52:50.000000
120.9709,-8.6320,8,KEPULAUAN NUSA TENGGARA,NUSA TENGGARA TIMUR,KAB. NGADA,WOLOMEZE,SNPP,2020-08-02,04:52:50.000000
121.0187,-8.6054,8,KEPULAUAN NUSA TENGGARA,NUSA TENGGARA TIMUR,KAB. NGADA,WOLOMEZE,SNPP,2020-08-02,04:52:50.000000
121.0137,-8.6060,8,KEPULAUAN NUSA TENGGARA,NUSA TENGGARA TIMUR,KAB. NGADA,WOLOMEZE,SNPP,2020-08-02,04:52:50.000000
120.9777,-8.6367,8,KEPULAUAN NUSA TENGGARA,NUSA TENGGARA TIMUR,KAB. NGADA,WOLOMEZE,SNPP,2020-08-02,04:52:50.000000
120.9728,-8.6323,9,KEPULAUAN NUSA TENGGARA,NUSA TENGGARA TIMUR,KAB. NGADA,WOLOMEZE,SNPP,2020-08-02,04:52:50.000000
121.0171,-8.6058,9,KEPULAUAN NUSA TENGGARA,NUSA TENGGARA TIMUR,KAB. NGADA,WOLOMEZE,SNPP,2020-08-02,04:52:50.000000
121.0389,-8.6028,8,KEPULAUAN NUSA TENGGARA,NUSA TENGGARA TIMUR,KAB. NGADA,WOLOMEZE,SNPP,2020-08-02,04:52:50.000000
121.0120,-8.6064,8,KEPULAUAN NUSA TENGGARA,NUSA TENGGARA TIMUR,KAB. NGADA,WOLOMEZE,SNPP,2020-08-02,04:52:50.000000
121.0118,-8.6013,8,KEPULAUAN NUSA TENGGARA,NUSA TENGGARA TIMUR,KAB. NGADA,WOLOMEZE,SNPP,2020-08-02,04:52:50.000000
120.9804,-8.6376,8,KEPULAUAN NUSA TENGGARA,NUSA TENGGARA TIMUR,KAB. NGADA,WOLOMEZE,NOAA20,2020-08-02,05:42:36.000000
121.0384,-8.6039,8,KEPULAUAN NUSA TENGGARA,NUSA TENGGARA TIMUR,KAB. NGADA,WOLOMEZE,NOAA20,2020-08-02,05:42:36.000000
121.0126,-8.6082,8,KEPULAUAN NUSA TENGGARA,NUSA TENGGARA TIMUR,KAB. NGADA,WOLOMEZE,NOAA20,2020-08-02,05:42:36.000000
121.0078,-8.6091,8,KEPULAUAN NUSA TENGGARA,NUSA TENGGARA TIMUR,KAB. NGADA,WOLOMEZE,NOAA20,2020-08-02,05:42:36.000000
121.0374,-8.6001,8,KEPULAUAN NUSA TENGGARA,NUSA TENGGARA TIMUR,KAB. NGADA,WOLOMEZE,NOAA20,2020-08-02,05:42:36.000000
121.0006,-8.6137,8,KEPULAUAN NUSA TENGGARA,NUSA TENGGARA TIMUR,KAB. NGADA,WOLOMEZE,NOAA20,2020-08-02,05:44:02.000000
121.0405,-8.6033,8,KEPULAUAN NUSA TENGGARA,NUSA TENGGARA TIMUR,KAB. NGADA,WOLOMEZE,NOAA20,2020-08-02,05:44:02.000000
121.0097,-8.6082,8,KEPULAUAN NUSA TENGGARA,NUSA TENGGARA TIMUR,KAB. NGADA,WOLOMEZE,NOAA20,2020-08-02,05:44:02.000000
121.0344,-8.6003,7,KEPULAUAN NUSA TENGGARA,NUSA TENGGARA TIMUR,KAB. NGADA,WOLOMEZE,NOAA20,2020-08-02,05:44:02.000000
123.0985,-10.7611,8,KEPULAUAN NUSA TENGGARA,NUSA TENGGARA TIMUR,KAB. ROTE NDAO,LOBALAIN,SNPP,2020-08-02,04:52:50.000000
123.0962,-10.7641,8,KEPULAUAN NUSA TENGGARA,NUSA TENGGARA TIMUR,KAB. ROTE NDAO,LOBALAIN,NOAA20,2020-08-02,05:42:36.000000
122.0758,-8.5590,8,KEPULAUAN NUSA TENGGARA,NUSA TENGGARA TIMUR,KAB. SIKKA,NITA,SNPP,2020-08-02,04:52:50.000000
122.0710,-8.5596,7,KEPULAUAN NUSA TENGGARA,NUSA TENGGARA TIMUR,KAB. SIKKA,NITA,SNPP,2020-08-02,04:52:50.000000
122.0644,-8.5551,8,KEPULAUAN NUSA TENGGARA,NUSA TENGGARA TIMUR,KAB. SIKKA,NITA,NOAA20,2020-08-02,05:42:36.000000
122.0674,-8.5502,8,KEPULAUAN NUSA TENGGARA,NUSA TENGGARA TIMUR,KAB. SIKKA,NITA,NOAA20,2020-08-02,05:42:36.000000
122.6407,-8.4903,8,KEPULAUAN NUSA TENGGARA,NUSA TENGGARA TIMUR,KAB. SIKKA,TALIBURA,SNPP,2020-08-02,04:52:50.000000
119.5006,-9.5527,7,KEPULAUAN NUSA TENGGARA,NUSA TENGGARA TIMUR,KAB. SUMBA BARAT,LOLI,SNPP,2020-08-02,04:52:50.000000
119.0841,-9.6590,8,KEPULAUAN NUSA TENGGARA,NUSA TENGGARA TIMUR,KAB. SUMBA BARAT DAYA,KODI,SNPP,2020-08-02,04:52:50.000000
119.0838,-9.6564,8,KEPULAUAN NUSA TENGGARA,NUSA TENGGARA TIMUR,KAB. SUMBA BARAT DAYA,KODI,NOAA20,2020-08-02,05:42:36.000000
119.0800,-9.6570,8,KEPULAUAN NUSA TENGGARA,NUSA TENGGARA TIMUR,KAB. SUMBA BARAT DAYA,KODI,NOAA20,2020-08-02,05:42:36.000000
119.0734,-9.6402,8,KEPULAUAN NUSA TENGGARA,NUSA TENGGARA TIMUR,KAB. SUMBA BARAT DAYA,KODI,NOAA20,2020-08-02,05:42:36.000000
119.0503,-9.6439,8,KEPULAUAN NUSA TENGGARA,NUSA TENGGARA TIMUR,KAB. SUMBA BARAT DAYA,KODI,NOAA20,2020-08-02,05:42:36.000000
119.3733,-9.3863,7,KEPULAUAN NUSA TENGGARA,NUSA TENGGARA TIMUR,KAB. SUMBA BARAT DAYA,LARATAMA,NOAA20,2020-08-02,05:42:36.000000
119.1722,-9.6568,8,KEPULAUAN NUSA TENGGARA,NUSA TENGGARA TIMUR,KAB. SUMBA BARAT DAYA,WEWEWA BARAT,NOAA20,2020-08-02,05:42:36.000000
119.5154,-9.5650,8,KEPULAUAN NUSA TENGGARA,NUSA TENGGARA TIMUR,KAB. SUMBA TENGAH,KATIKUTANA,SNPP,2020-08-02,04:52:50.000000
119.5506,-9.5493,8,KEPULAUAN NUSA TENGGARA,NUSA TENGGARA TIMUR,KAB. SUMBA TENGAH,KATIKUTANA,SNPP,2020-08-02,04:52:50.000000
119.6430,-9.6875,8,KEPULAUAN NUSA TENGGARA,NUSA TENGGARA TIMUR,KAB. SUMBA TENGAH,KATIKUTANA,NOAA20,2020-08-02,05:42:36.000000
119.6433,-9.6618,8,KEPULAUAN NUSA TENGGARA,NUSA TENGGARA TIMUR,KAB. SUMBA TENGAH,KATIKUTANA,NOAA20,2020-08-02,05:42:36.000000
119.6376,-9.6518,7,KEPULAUAN NUSA TENGGARA,NUSA TENGGARA TIMUR,KAB. SUMBA TENGAH,KATIKUTANA,NOAA20,2020-08-02,05:42:36.000000
119.5322,-9.6687,8,KEPULAUAN NUSA TENGGARA,NUSA TENGGARA TIMUR,KAB. SUMBA TENGAH,KATIKUTANA,NOAA20,2020-08-02,05:42:36.000000
119.5316,-9.6651,8,KEPULAUAN NUSA TENGGARA,NUSA TENGGARA TIMUR,KAB. SUMBA TENGAH,KATIKUTANA,NOAA20,2020-08-02,05:42:36.000000
119.6620,-9.6186,8,KEPULAUAN NUSA TENGGARA,NUSA TENGGARA TIMUR,KAB. SUMBA TENGAH,KATIKUTANA,NOAA20,2020-08-02,05:42:36.000000
119.7744,-9.6567,8,KEPULAUAN NUSA TENGGARA,NUSA TENGGARA TIMUR,KAB. SUMBA TENGAH,UMBU RATU NGGAY,SNPP,2020-08-02,04:52:50.000000
119.8348,-9.6098,8,KEPULAUAN NUSA TENGGARA,NUSA TENGGARA TIMUR,KAB. SUMBA TENGAH,UMBU RATU NGGAY,SNPP,2020-08-02,04:52:50.000000
119.6696,-9.5252,8,KEPULAUAN NUSA TENGGARA,NUSA TENGGARA TIMUR,KAB. SUMBA TENGAH,UMBU RATU NGGAY,SNPP,2020-08-02,04:52:50.000000
119.6921,-9.6797,8,KEPULAUAN NUSA TENGGARA,NUSA TENGGARA TIMUR,KAB. SUMBA TENGAH,UMBU RATU NGGAY,NOAA20,2020-08-02,05:42:36.000000
119.8317,-9.6206,8,KEPULAUAN NUSA TENGGARA,NUSA TENGGARA TIMUR,KAB. SUMBA TENGAH,UMBU RATU NGGAY,NOAA20,2020-08-02,05:42:36.000000
119.7848,-9.6208,8,KEPULAUAN NUSA TENGGARA,NUSA TENGGARA TIMUR,KAB. SUMBA TENGAH,UMBU RATU NGGAY,NOAA20,2020-08-02,05:42:36.000000
119.7923,-9.6159,8,KEPULAUAN NUSA TENGGARA,NUSA TENGGARA TIMUR,KAB. SUMBA TENGAH,UMBU RATU NGGAY,NOAA20,2020-08-02,05:42:36.000000
119.7842,-9.6172,8,KEPULAUAN NUSA TENGGARA,NUSA TENGGARA TIMUR,KAB. SUMBA TENGAH,UMBU RATU NGGAY,NOAA20,2020-08-02,05:42:36.000000
119.7739,-9.6041,8,KEPULAUAN NUSA TENGGARA,NUSA TENGGARA TIMUR,KAB. SUMBA TENGAH,UMBU RATU NGGAY,NOAA20,2020-08-02,05:42:36.000000
119.7566,-9.6069,8,KEPULAUAN NUSA TENGGARA,NUSA TENGGARA TIMUR,KAB. SUMBA TENGAH,UMBU RATU NGGAY,NOAA20,2020-08-02,05:42:36.000000
119.7976,-9.5966,8,KEPULAUAN NUSA TENGGARA,NUSA TENGGARA TIMUR,KAB. SUMBA TENGAH,UMBU RATU NGGAY,NOAA20,2020-08-02,05:42:36.000000
119.7936,-9.5972,8,KEPULAUAN NUSA TENGGARA,NUSA TENGGARA TIMUR,KAB. SUMBA TENGAH,UMBU RATU NGGAY,NOAA20,2020-08-02,05:42:36.000000
119.7972,-9.5930,8,KEPULAUAN NUSA TENGGARA,NUSA TENGGARA TIMUR,KAB. SUMBA TENGAH,UMBU RATU NGGAY,NOAA20,2020-08-02,05:42:36.000000
119.7692,-9.4630,8,KEPULAUAN NUSA TENGGARA,NUSA TENGGARA TIMUR,KAB. SUMBA TENGAH,UMBU RATU NGGAY,NOAA20,2020-08-02,05:42:36.000000
119.7700,-9.4649,7,KEPULAUAN NUSA TENGGARA,NUSA TENGGARA TIMUR,KAB. SUMBA TENGAH,UMBU RATU NGGAY,NOAA20,2020-08-02,05:42:36.000000
119.7695,-9.4613,8,KEPULAUAN NUSA TENGGARA,NUSA TENGGARA TIMUR,KAB. SUMBA TENGAH,UMBU RATU NGGAY,NOAA20,2020-08-02,05:42:36.000000
119.9292,-9.9004,8,KEPULAUAN NUSA TENGGARA,NUSA TENGGARA TIMUR,KAB. SUMBA TIMUR,LEWA,SNPP,2020-08-02,04:52:50.000000
119.8937,-9.8151,7,KEPULAUAN NUSA TENGGARA,NUSA TENGGARA TIMUR,KAB. SUMBA TIMUR,LEWA,SNPP,2020-08-02,04:52:50.000000
119.8128,-9.7466,8,KEPULAUAN NUSA TENGGARA,NUSA TENGGARA TIMUR,KAB. SUMBA TIMUR,LEWA,SNPP,2020-08-02,04:52:50.000000
119.7915,-9.7492,8,KEPULAUAN NUSA TENGGARA,NUSA TENGGARA TIMUR,KAB. SUMBA TIMUR,LEWA,SNPP,2020-08-02,04:52:50.000000
119.8120,-9.7477,8,KEPULAUAN NUSA TENGGARA,NUSA TENGGARA TIMUR,KAB. SUMBA TIMUR,LEWA,SNPP,2020-08-02,04:52:50.000000
119.7907,-9.7505,8,KEPULAUAN NUSA TENGGARA,NUSA TENGGARA TIMUR,KAB. SUMBA TIMUR,LEWA,SNPP,2020-08-02,04:52:50.000000
119.7836,-9.7515,8,KEPULAUAN NUSA TENGGARA,NUSA TENGGARA TIMUR,KAB. SUMBA TIMUR,LEWA,SNPP,2020-08-02,04:52:50.000000
119.9775,-9.6870,8,KEPULAUAN NUSA TENGGARA,NUSA TENGGARA TIMUR,KAB. SUMBA TIMUR,LEWA,SNPP,2020-08-02,04:52:50.000000
119.8039,-9.7093,8,KEPULAUAN NUSA TENGGARA,NUSA TENGGARA TIMUR,KAB. SUMBA TIMUR,LEWA,SNPP,2020-08-02,04:52:50.000000
119.8034,-9.7038,8,KEPULAUAN NUSA TENGGARA,NUSA TENGGARA TIMUR,KAB. SUMBA TIMUR,LEWA,SNPP,2020-08-02,04:52:50.000000
120.0112,-9.8580,8,KEPULAUAN NUSA TENGGARA,NUSA TENGGARA TIMUR,KAB. SUMBA TIMUR,LEWA,NOAA20,2020-08-02,05:42:36.000000
120.0117,-9.8571,8,KEPULAUAN NUSA TENGGARA,NUSA TENGGARA TIMUR,KAB. SUMBA TIMUR,LEWA,NOAA20,2020-08-02,05:42:36.000000
119.8772,-9.8526,7,KEPULAUAN NUSA TENGGARA,NUSA TENGGARA TIMUR,KAB. SUMBA TIMUR,LEWA,NOAA20,2020-08-02,05:42:36.000000
119.8731,-9.8533,7,KEPULAUAN NUSA TENGGARA,NUSA TENGGARA TIMUR,KAB. SUMBA TIMUR,LEWA,NOAA20,2020-08-02,05:42:36.000000
119.8933,-9.8205,8,KEPULAUAN NUSA TENGGARA,NUSA TENGGARA TIMUR,KAB. SUMBA TIMUR,LEWA,NOAA20,2020-08-02,05:42:36.000000
120.0688,-9.7245,8,KEPULAUAN NUSA TENGGARA,NUSA TENGGARA TIMUR,KAB. SUMBA TIMUR,LEWA,NOAA20,2020-08-02,05:42:36.000000
119.8478,-9.7487,8,KEPULAUAN NUSA TENGGARA,NUSA TENGGARA TIMUR,KAB. SUMBA TIMUR,LEWA,NOAA20,2020-08-02,05:42:36.000000
119.7804,-9.7558,8,KEPULAUAN NUSA TENGGARA,NUSA TENGGARA TIMUR,KAB. SUMBA TIMUR,LEWA,NOAA20,2020-08-02,05:42:36.000000
119.7754,-9.7014,8,KEPULAUAN NUSA TENGGARA,NUSA TENGGARA TIMUR,KAB. SUMBA TIMUR,LEWA,NOAA20,2020-08-02,05:42:36.000000
119.7712,-9.7021,8,KEPULAUAN NUSA TENGGARA,NUSA TENGGARA TIMUR,KAB. SUMBA TIMUR,LEWA,NOAA20,2020-08-02,05:42:36.000000
119.8627,-9.6267,8,KEPULAUAN NUSA TENGGARA,NUSA TENGGARA TIMUR,KAB. SUMBA TIMUR,LEWA,NOAA20,2020-08-02,05:42:36.000000
119.8563,-9.6129,8,KEPULAUAN NUSA TENGGARA,NUSA TENGGARA TIMUR,KAB. SUMBA TIMUR,LEWA,NOAA20,2020-08-02,05:42:36.000000
120.2611,-9.9639,8,KEPULAUAN NUSA TENGGARA,NUSA TENGGARA TIMUR,KAB. SUMBA TIMUR,PABERIWAI,SNPP,2020-08-02,04:52:50.000000
120.2387,-10.1802,8,KEPULAUAN NUSA TENGGARA,NUSA TENGGARA TIMUR,KAB. SUMBA TIMUR,PABERIWAI,NOAA20,2020-08-02,05:42:36.000000
120.2195,-9.9250,8,KEPULAUAN NUSA TENGGARA,NUSA TENGGARA TIMUR,KAB. SUMBA TIMUR,PABERIWAI,NOAA20,2020-08-02,05:42:36.000000
120.0311,-9.8428,8,KEPULAUAN NUSA TENGGARA,NUSA TENGGARA TIMUR,KAB. SUMBA TIMUR,PANDAWAI,NOAA20,2020-08-02,05:42:36.000000
120.0405,-9.9254,9,KEPULAUAN NUSA TENGGARA,NUSA TENGGARA TIMUR,KAB. SUMBA TIMUR,TABUNDUNG,SNPP,2020-08-02,04:52:50.000000
120.0412,-9.9250,9,KEPULAUAN NUSA TENGGARA,NUSA TENGGARA TIMUR,KAB. SUMBA TIMUR,TABUNDUNG,SNPP,2020-08-02,04:52:50.000000
120.0379,-9.9255,8,KEPULAUAN NUSA TENGGARA,NUSA TENGGARA TIMUR,KAB. SUMBA TIMUR,TABUNDUNG,SNPP,2020-08-02,04:52:50.000000
120.1105,-9.8938,9,KEPULAUAN NUSA TENGGARA,NUSA TENGGARA TIMUR,KAB. SUMBA TIMUR,TABUNDUNG,SNPP,2020-08-02,04:52:50.000000
120.1141,-9.8934,8,KEPULAUAN NUSA TENGGARA,NUSA TENGGARA TIMUR,KAB. SUMBA TIMUR,TABUNDUNG,SNPP,2020-08-02,04:52:50.000000
120.0272,-9.8656,8,KEPULAUAN NUSA TENGGARA,NUSA TENGGARA TIMUR,KAB. SUMBA TIMUR,TABUNDUNG,SNPP,2020-08-02,04:52:50.000000
120.0624,-9.9315,8,KEPULAUAN NUSA TENGGARA,NUSA TENGGARA TIMUR,KAB. SUMBA TIMUR,TABUNDUNG,NOAA20,2020-08-02,05:42:36.000000
120.0607,-9.9206,7,KEPULAUAN NUSA TENGGARA,NUSA TENGGARA TIMUR,KAB. SUMBA TIMUR,TABUNDUNG,NOAA20,2020-08-02,05:42:36.000000
120.1182,-9.8964,8,KEPULAUAN NUSA TENGGARA,NUSA TENGGARA TIMUR,KAB. SUMBA TIMUR,TABUNDUNG,NOAA20,2020-08-02,05:42:36.000000
120.0657,-9.8713,7,KEPULAUAN NUSA TENGGARA,NUSA TENGGARA TIMUR,KAB. SUMBA TIMUR,TABUNDUNG,NOAA20,2020-08-02,05:42:36.000000
120.0301,-9.8660,8,KEPULAUAN NUSA TENGGARA,NUSA TENGGARA TIMUR,KAB. SUMBA TIMUR,TABUNDUNG,NOAA20,2020-08-02,05:42:36.000000
124.6878,-9.2129,8,KEPULAUAN NUSA TENGGARA,NUSA TENGGARA TIMUR,KAB. TIMOR TENGAH UTARA,KAKULUK MESAK,SNPP,2020-08-02,04:52:50.000000
124.7503,-9.1762,8,KEPULAUAN NUSA TENGGARA,NUSA TENGGARA TIMUR,KAB. TIMOR TENGAH UTARA,KAKULUK MESAK,SNPP,2020-08-02,04:52:50.000000
124.7529,-9.1764,7,KEPULAUAN NUSA TENGGARA,NUSA TENGGARA TIMUR,KAB. TIMOR TENGAH UTARA,KAKULUK MESAK,SNPP,2020-08-02,04:52:50.000000
124.5634,-9.2544,7,KEPULAUAN NUSA TENGGARA,NUSA TENGGARA TIMUR,KAB. TIMOR TENGAH UTARA,PEMBANTU INSANA,SNPP,2020-08-02,04:52:50.000000
138.7958,-6.1763,8,PAPUA,PAPUA,KAB. ASMAT,DERKOMOR,NOAA20,2020-08-02,04:03:01.000000
138.7348,-6.3362,8,PAPUA,PAPUA,KAB. ASMAT,KOPAY,SNPP,2020-08-02,04:52:50.000000
138.7338,-6.3337,8,PAPUA,PAPUA,KAB. ASMAT,KOPAY,SNPP,2020-08-02,04:52:50.000000
138.6605,-6.2393,8,PAPUA,PAPUA,KAB. ASMAT,PANTAI KASUARI,NOAA20,2020-08-02,04:03:01.000000
140.7287,-7.4698,8,PAPUA,PAPUA,KAB. MERAUKE,ELIKOBEL,NOAA20,2020-08-02,04:03:01.000000
140.6806,-8.1852,8,PAPUA,PAPUA,KAB. MERAUKE,JAGEBOB,NOAA20,2020-08-02,04:01:36.000000
140.7288,-8.1439,8,PAPUA,PAPUA,KAB. MERAUKE,JAGEBOB,NOAA20,2020-08-02,04:01:36.000000
140.1545,-8.3117,8,PAPUA,PAPUA,KAB. MERAUKE,MALIND,NOAA20,2020-08-02,04:01:36.000000
140.0930,-8.2757,8,PAPUA,PAPUA,KAB. MERAUKE,MALIND,NOAA20,2020-08-02,04:01:36.000000
140.5411,-8.6329,8,PAPUA,PAPUA,KAB. MERAUKE,MERAUKE,NOAA20,2020-08-02,04:01:36.000000
140.5442,-8.6290,8,PAPUA,PAPUA,KAB. MERAUKE,MERAUKE,NOAA20,2020-08-02,04:01:36.000000
140.4779,-8.5820,9,PAPUA,PAPUA,KAB. MERAUKE,MERAUKE,NOAA20,2020-08-02,04:01:36.000000
140.4743,-8.5826,8,PAPUA,PAPUA,KAB. MERAUKE,MERAUKE,NOAA20,2020-08-02,04:01:36.000000
140.4770,-8.5818,8,PAPUA,PAPUA,KAB. MERAUKE,MERAUKE,SNPP,2020-08-02,04:52:50.000000
140.4753,-8.5819,8,PAPUA,PAPUA,KAB. MERAUKE,MERAUKE,SNPP,2020-08-02,04:52:50.000000
140.7562,-8.9093,8,PAPUA,PAPUA,KAB. MERAUKE,NAUKENJERAI,NOAA20,2020-08-02,04:01:36.000000
140.7235,-8.8673,8,PAPUA,PAPUA,KAB. MERAUKE,NAUKENJERAI,NOAA20,2020-08-02,04:01:36.000000
140.8255,-8.7940,7,PAPUA,PAPUA,KAB. MERAUKE,NAUKENJERAI,NOAA20,2020-08-02,04:01:36.000000
140.8215,-8.7911,8,PAPUA,PAPUA,KAB. MERAUKE,NAUKENJERAI,NOAA20,2020-08-02,04:01:36.000000
140.7547,-8.7132,8,PAPUA,PAPUA,KAB. MERAUKE,NAUKENJERAI,NOAA20,2020-08-02,04:01:36.000000
140.7578,-8.7093,8,PAPUA,PAPUA,KAB. MERAUKE,NAUKENJERAI,NOAA20,2020-08-02,04:01:36.000000
140.7542,-8.7098,8,PAPUA,PAPUA,KAB. MERAUKE,NAUKENJERAI,NOAA20,2020-08-02,04:01:36.000000
140.6614,-8.6528,8,PAPUA,PAPUA,KAB. MERAUKE,NAUKENJERAI,NOAA20,2020-08-02,04:01:36.000000
140.7541,-8.7123,8,PAPUA,PAPUA,KAB. MERAUKE,NAUKENJERAI,SNPP,2020-08-02,04:52:50.000000
139.3977,-8.1717,8,PAPUA,PAPUA,KAB. MERAUKE,OKABA,NOAA20,2020-08-02,04:01:36.000000
140.8298,-8.4680,8,PAPUA,PAPUA,KAB. MERAUKE,SOTA,NOAA20,2020-08-02,04:01:36.000000
138.8732,-7.5082,8,PAPUA,PAPUA,KAB. MERAUKE,TABONJI,NOAA20,2020-08-02,04:03:01.000000
138.5244,-7.5080,8,PAPUA,PAPUA,KAB. MERAUKE,TABONJI,NOAA20,2020-08-02,04:03:01.000000
137.8074,-8.1977,8,PAPUA,PAPUA,KAB. MERAUKE,WAAN,TERRA,2020-08-02,01:45:00
137.8055,-8.2139,8,PAPUA,PAPUA,KAB. MERAUKE,WAAN,TERRA,2020-08-02,01:45:00
137.7992,-8.2049,8,PAPUA,PAPUA,KAB. MERAUKE,WAAN,TERRA,2020-08-02,01:45:00
137.8328,-8.2089,8,PAPUA,PAPUA,KAB. MERAUKE,WAAN,TERRA,2020-08-02,01:45:00
137.7932,-8.2535,8,PAPUA,PAPUA,KAB. MERAUKE,WAAN,TERRA,2020-08-02,01:45:00
137.7874,-8.2609,8,PAPUA,PAPUA,KAB. MERAUKE,WAAN,TERRA,2020-08-02,01:45:00
137.7898,-8.2610,8,PAPUA,PAPUA,KAB. MERAUKE,WAAN,AQUA,2020-08-02,04:40:00
138.1122,-8.3356,7,PAPUA,PAPUA,KAB. MERAUKE,WAAN,NOAA20,2020-08-02,04:01:36.000000
137.7869,-8.2776,8,PAPUA,PAPUA,KAB. MERAUKE,WAAN,NOAA20,2020-08-02,04:01:36.000000
137.7864,-8.2738,7,PAPUA,PAPUA,KAB. MERAUKE,WAAN,NOAA20,2020-08-02,04:01:36.000000
137.7945,-8.2649,8,PAPUA,PAPUA,KAB. MERAUKE,WAAN,NOAA20,2020-08-02,04:01:36.000000
137.7899,-8.2656,7,PAPUA,PAPUA,KAB. MERAUKE,WAAN,NOAA20,2020-08-02,04:01:36.000000
137.7940,-8.2611,8,PAPUA,PAPUA,KAB. MERAUKE,WAAN,NOAA20,2020-08-02,04:01:36.000000
137.7935,-8.2574,8,PAPUA,PAPUA,KAB. MERAUKE,WAAN,NOAA20,2020-08-02,04:01:36.000000
137.7929,-8.2536,8,PAPUA,PAPUA,KAB. MERAUKE,WAAN,NOAA20,2020-08-02,04:01:36.000000
137.7883,-8.2542,7,PAPUA,PAPUA,KAB. MERAUKE,WAAN,NOAA20,2020-08-02,04:01:36.000000
137.7970,-8.2492,8,PAPUA,PAPUA,KAB. MERAUKE,WAAN,NOAA20,2020-08-02,04:01:36.000000
137.7924,-8.2498,8,PAPUA,PAPUA,KAB. MERAUKE,WAAN,NOAA20,2020-08-02,04:01:36.000000
137.7878,-8.2505,8,PAPUA,PAPUA,KAB. MERAUKE,WAAN,NOAA20,2020-08-02,04:01:36.000000
137.7964,-8.2454,8,PAPUA,PAPUA,KAB. MERAUKE,WAAN,NOAA20,2020-08-02,04:01:36.000000
137.7918,-8.2460,7,PAPUA,PAPUA,KAB. MERAUKE,WAAN,NOAA20,2020-08-02,04:01:36.000000
137.7872,-8.2467,8,PAPUA,PAPUA,KAB. MERAUKE,WAAN,NOAA20,2020-08-02,04:01:36.000000
137.7826,-8.2473,8,PAPUA,PAPUA,KAB. MERAUKE,WAAN,NOAA20,2020-08-02,04:01:36.000000
137.8005,-8.2410,8,PAPUA,PAPUA,KAB. MERAUKE,WAAN,NOAA20,2020-08-02,04:01:36.000000
137.7959,-8.2416,8,PAPUA,PAPUA,KAB. MERAUKE,WAAN,NOAA20,2020-08-02,04:01:36.000000
137.7867,-8.2429,8,PAPUA,PAPUA,KAB. MERAUKE,WAAN,NOAA20,2020-08-02,04:01:36.000000
137.7913,-8.2423,7,PAPUA,PAPUA,KAB. MERAUKE,WAAN,NOAA20,2020-08-02,04:01:36.000000
137.7999,-8.2372,8,PAPUA,PAPUA,KAB. MERAUKE,WAAN,NOAA20,2020-08-02,04:01:36.000000
137.7953,-8.2378,8,PAPUA,PAPUA,KAB. MERAUKE,WAAN,NOAA20,2020-08-02,04:01:36.000000
137.7861,-8.2391,8,PAPUA,PAPUA,KAB. MERAUKE,WAAN,NOAA20,2020-08-02,04:01:36.000000
137.7948,-8.2341,8,PAPUA,PAPUA,KAB. MERAUKE,WAAN,NOAA20,2020-08-02,04:01:36.000000
137.7937,-8.2265,8,PAPUA,PAPUA,KAB. MERAUKE,WAAN,NOAA20,2020-08-02,04:01:36.000000
137.7891,-8.2272,8,PAPUA,PAPUA,KAB. MERAUKE,WAAN,NOAA20,2020-08-02,04:01:36.000000
137.7932,-8.2227,8,PAPUA,PAPUA,KAB. MERAUKE,WAAN,NOAA20,2020-08-02,04:01:36.000000
137.8110,-8.2164,8,PAPUA,PAPUA,KAB. MERAUKE,WAAN,NOAA20,2020-08-02,04:01:36.000000
137.7972,-8.2183,8,PAPUA,PAPUA,KAB. MERAUKE,WAAN,NOAA20,2020-08-02,04:01:36.000000
137.8046,-8.2285,7,PAPUA,PAPUA,KAB. MERAUKE,WAAN,NOAA20,2020-08-02,04:01:36.000000
137.7909,-8.2305,8,PAPUA,PAPUA,KAB. MERAUKE,WAAN,NOAA20,2020-08-02,04:01:36.000000
137.7903,-8.2267,8,PAPUA,PAPUA,KAB. MERAUKE,WAAN,NOAA20,2020-08-02,04:01:36.000000
137.7944,-8.2223,8,PAPUA,PAPUA,KAB. MERAUKE,WAAN,NOAA20,2020-08-02,04:01:36.000000
137.8122,-8.2158,8,PAPUA,PAPUA,KAB. MERAUKE,WAAN,NOAA20,2020-08-02,04:01:36.000000
137.7984,-8.2178,8,PAPUA,PAPUA,KAB. MERAUKE,WAAN,NOAA20,2020-08-02,04:01:36.000000
137.8111,-8.2083,7,PAPUA,PAPUA,KAB. MERAUKE,WAAN,NOAA20,2020-08-02,04:01:36.000000
137.9221,-7.9568,8,PAPUA,PAPUA,KAB. MERAUKE,WAAN,NOAA20,2020-08-02,04:03:01.000000
138.1094,-8.3340,8,PAPUA,PAPUA,KAB. MERAUKE,WAAN,SNPP,2020-08-02,04:52:50.000000
137.7747,-8.2855,8,PAPUA,PAPUA,KAB. MERAUKE,WAAN,SNPP,2020-08-02,04:52:50.000000
137.7957,-8.2606,8,PAPUA,PAPUA,KAB. MERAUKE,WAAN,SNPP,2020-08-02,04:52:50.000000
137.7926,-8.2612,8,PAPUA,PAPUA,KAB. MERAUKE,WAAN,SNPP,2020-08-02,04:52:50.000000
137.7917,-8.2560,8,PAPUA,PAPUA,KAB. MERAUKE,WAAN,SNPP,2020-08-02,04:52:50.000000
137.7939,-8.2504,8,PAPUA,PAPUA,KAB. MERAUKE,WAAN,SNPP,2020-08-02,04:52:50.000000
137.7859,-8.2412,8,PAPUA,PAPUA,KAB. MERAUKE,WAAN,SNPP,2020-08-02,04:52:50.000000
137.7925,-8.2241,8,PAPUA,PAPUA,KAB. MERAUKE,WAAN,SNPP,2020-08-02,04:52:50.000000
137.8189,-8.1928,8,PAPUA,PAPUA,KAB. MERAUKE,WAAN,SNPP,2020-08-02,04:52:50.000000
137.8207,-8.1961,8,PAPUA,PAPUA,KAB. MERAUKE,WAAN,SNPP,2020-08-02,04:52:50.000000
137.8198,-8.1910,8,PAPUA,PAPUA,KAB. MERAUKE,WAAN,SNPP,2020-08-02,04:52:50.000000
119.5567,-5.2876,8,SULAWESI,SULAWESI SELATAN,KAB. GOWA,BONTOMARANNU,NOAA20,2020-08-02,05:44:02.000000
119.5859,-3.5824,9,SULAWESI,SULAWESI SELATAN,KAB. PINRANG,DUAMPANUA,SNPP,2020-08-02,04:54:16.000000
119.5877,-3.5859,8,SULAWESI,SULAWESI SELATAN,KAB. PINRANG,DUAMPANUA,SNPP,2020-08-02,04:54:16.000000
119.5844,-3.5864,8,SULAWESI,SULAWESI SELATAN,KAB. PINRANG,DUAMPANUA,SNPP,2020-08-02,04:54:16.000000
119.5867,-3.5861,8,SULAWESI,SULAWESI SELATAN,KAB. PINRANG,DUAMPANUA,NOAA20,2020-08-02,05:45:27.000000
122.5897,-4.9511,8,SULAWESI,SULAWESI TENGGARA,KAB. MUNA BARAT,WADAGA,SNPP,2020-08-02,04:54:16.000000
102.4604,-3.6039,8,SUMATERA,BENGKULU,KAB. BENGKULU TENGAH,PAGAR JATI,SNPP,2020-08-02,06:35:16.000000
102.4373,-3.6580,8,SUMATERA,BENGKULU,KAB. BENGKULU TENGAH,TABAPENANJUNG,SNPP,2020-08-02,06:35:16.000000
102.2040,-3.4837,8,SUMATERA,BENGKULU,KAB. BENGKULU UTARA,ARGA MAKMUR,SNPP,2020-08-02,06:35:16.000000
102.2035,-3.4804,8,SUMATERA,BENGKULU,KAB. BENGKULU UTARA,ARGA MAKMUR,SNPP,2020-08-02,06:35:16.000000
101.9327,-3.1128,8,SUMATERA,BENGKULU,KAB. BENGKULU UTARA,KETAHUN,SNPP,2020-08-02,06:35:16.000000
101.9292,-3.1134,8,SUMATERA,BENGKULU,KAB. BENGKULU UTARA,KETAHUN,SNPP,2020-08-02,06:35:16.000000
101.9317,-3.1062,8,SUMATERA,BENGKULU,KAB. BENGKULU UTARA,KETAHUN,SNPP,2020-08-02,06:35:16.000000
101.7044,-3.0697,8,SUMATERA,BENGKULU,KAB. BENGKULU UTARA,KETAHUN,SNPP,2020-08-02,06:35:16.000000
101.7039,-3.0664,8,SUMATERA,BENGKULU,KAB. BENGKULU UTARA,KETAHUN,SNPP,2020-08-02,06:35:16.000000
102.0624,-3.4650,8,SUMATERA,BENGKULU,KAB. BENGKULU UTARA,LAIS,SNPP,2020-08-02,06:35:16.000000
101.3439,-2.5085,8,SUMATERA,BENGKULU,KAB. MUKO-MUKO,MUKO MUKO UTARA,SNPP,2020-08-02,06:36:41.000000
101.2831,-2.5142,8,SUMATERA,BENGKULU,KAB. MUKO-MUKO,MUKO MUKO UTARA,SNPP,2020-08-02,06:36:41.000000
102.6116,-3.3916,8,SUMATERA,BENGKULU,KAB. REJANG LEBONG,CURUP,SNPP,2020-08-02,06:35:16.000000
102.9939,-3.3888,8,SUMATERA,BENGKULU,KAB. REJANG LEBONG,KOTA PADANG,NOAA20,2020-08-02,05:45:27.000000
102.9930,-3.3898,8,SUMATERA,BENGKULU,KAB. REJANG LEBONG,KOTA PADANG,NOAA20,2020-08-02,05:45:27.000000
102.9275,-3.5364,8,SUMATERA,BENGKULU,KAB. REJANG LEBONG,PADANG ULAK TANDING,SNPP,2020-08-02,06:35:16.000000
102.7719,-4.1887,8,SUMATERA,BENGKULU,KAB. SELUMA,SEMIDANG ALAS,SNPP,2020-08-02,06:35:16.000000
102.7961,-4.1612,8,SUMATERA,BENGKULU,KAB. SELUMA,SEMIDANG ALAS,SNPP,2020-08-02,06:35:16.000000
102.5096,-4.0087,8,SUMATERA,BENGKULU,KAB. SELUMA,SUKARAJA,SNPP,2020-08-02,06:35:16.000000
102.2759,-3.7947,7,SUMATERA,BENGKULU,KOTA BENGKULU,GADING CEMPAKA,TERRA,2020-08-02,03:25:00
102.9368,-1.8004,8,SUMATERA,JAMBI,KAB. BATANGHARI,BATIN XXIV,AQUA,2020-08-02,06:17:00
102.8069,-1.7850,8,SUMATERA,JAMBI,KAB. BATANGHARI,BATIN XXIV,NOAA20,2020-08-02,05:45:27.000000
102.1680,-1.7527,8,SUMATERA,JAMBI,KAB. BUNGO,MUARA BUNGO,SNPP,2020-08-02,06:36:41.000000
102.5024,-2.1276,8,SUMATERA,JAMBI,KAB. MERANGIN,BANGKO,SNPP,2020-08-02,06:36:41.000000
102.2496,-2.0475,8,SUMATERA,JAMBI,KAB. MERANGIN,BANGKO,SNPP,2020-08-02,06:36:41.000000
102.0997,-2.3993,8,SUMATERA,JAMBI,KAB. MERANGIN,JANGKAT,NOAA20,2020-08-02,05:45:27.000000
102.0757,-2.3614,8,SUMATERA,JAMBI,KAB. MERANGIN,JANGKAT,SNPP,2020-08-02,06:36:41.000000
102.1065,-2.3983,8,SUMATERA,JAMBI,KAB. MERANGIN,MUARA SIAU,NOAA20,2020-08-02,05:45:27.000000
102.1031,-2.3976,8,SUMATERA,JAMBI,KAB. MERANGIN,MUARA SIAU,SNPP,2020-08-02,06:36:41.000000
102.1026,-2.3943,8,SUMATERA,JAMBI,KAB. MERANGIN,MUARA SIAU,SNPP,2020-08-02,06:36:41.000000
102.0130,-2.0739,8,SUMATERA,JAMBI,KAB. MERANGIN,SUNGAI MANAU,SNPP,2020-08-02,06:36:41.000000
102.0228,-2.0690,8,SUMATERA,JAMBI,KAB. MERANGIN,SUNGAI MANAU,SNPP,2020-08-02,06:36:41.000000
102.5986,-2.3723,8,SUMATERA,JAMBI,KAB. SAROLANGUN,LIMUN,AQUA,2020-08-02,06:17:00
102.6037,-2.3692,8,SUMATERA,JAMBI,KAB. SAROLANGUN,LIMUN,SNPP,2020-08-02,06:36:41.000000
102.5795,-2.3491,8,SUMATERA,JAMBI,KAB. SAROLANGUN,LIMUN,SNPP,2020-08-02,06:36:41.000000
102.8496,-2.1963,8,SUMATERA,JAMBI,KAB. SAROLANGUN,PAUH,SNPP,2020-08-02,06:36:41.000000
103.0597,-2.0870,8,SUMATERA,JAMBI,KAB. SAROLANGUN,PAUH,SNPP,2020-08-02,06:36:41.000000
102.7569,-2.0146,8,SUMATERA,JAMBI,KAB. SAROLANGUN,PAUH,SNPP,2020-08-02,06:36:41.000000
102.7909,-2.5264,8,SUMATERA,JAMBI,KAB. SAROLANGUN,SAROLANGUN,SNPP,2020-08-02,06:35:16.000000
102.7875,-2.5269,8,SUMATERA,JAMBI,KAB. SAROLANGUN,SAROLANGUN,SNPP,2020-08-02,06:35:16.000000
102.9021,-0.8991,7,SUMATERA,JAMBI,KAB. TANJUNG JABUNG BARAT,TUNGKALULU,TERRA,2020-08-02,03:25:00
102.8363,-1.0226,8,SUMATERA,JAMBI,KAB. TANJUNG JABUNG BARAT,TUNGKALULU,SNPP,2020-08-02,06:36:41.000000
105.9235,-2.1757,9,SUMATERA,KEP. BANGKA BELITUNG,KAB. BANGKA,MENDO BARAT,AQUA,2020-08-02,06:17:00
105.9133,-2.1771,9,SUMATERA,KEP. BANGKA BELITUNG,KAB. BANGKA,MENDO BARAT,AQUA,2020-08-02,06:17:00
105.9301,-2.2060,8,SUMATERA,KEP. BANGKA BELITUNG,KAB. BANGKA,MENDO BARAT,NOAA20,2020-08-02,05:45:27.000000
105.9222,-2.1745,8,SUMATERA,KEP. BANGKA BELITUNG,KAB. BANGKA,MENDO BARAT,NOAA20,2020-08-02,05:45:27.000000
105.9188,-2.1750,8,SUMATERA,KEP. BANGKA BELITUNG,KAB. BANGKA,MENDO BARAT,NOAA20,2020-08-02,05:45:27.000000
105.9178,-2.1705,8,SUMATERA,KEP. BANGKA BELITUNG,KAB. BANGKA,MENDO BARAT,SNPP,2020-08-02,06:35:16.000000
105.8327,-2.0633,8,SUMATERA,KEP. BANGKA BELITUNG,KAB. BANGKA,PUDING BESAR,AQUA,2020-08-02,06:17:00
105.7950,-2.0197,8,SUMATERA,KEP. BANGKA BELITUNG,KAB. BANGKA,PUDING BESAR,AQUA,2020-08-02,06:17:00
106.0172,-1.6959,8,SUMATERA,KEP. BANGKA BELITUNG,KAB. BANGKA,RIAUSILIP,SNPP,2020-08-02,06:36:41.000000
105.5954,-1.6481,8,SUMATERA,KEP. BANGKA BELITUNG,KAB. BANGKA BARAT,JEBUS,AQUA,2020-08-02,06:17:00
105.5850,-1.6496,9,SUMATERA,KEP. BANGKA BELITUNG,KAB. BANGKA BARAT,JEBUS,AQUA,2020-08-02,06:17:00
105.4754,-1.6356,8,SUMATERA,KEP. BANGKA BELITUNG,KAB. BANGKA BARAT,JEBUS,AQUA,2020-08-02,06:17:00
105.5897,-1.6493,8,SUMATERA,KEP. BANGKA BELITUNG,KAB. BANGKA BARAT,JEBUS,NOAA20,2020-08-02,05:45:27.000000
105.5890,-1.6439,7,SUMATERA,KEP. BANGKA BELITUNG,KAB. BANGKA BARAT,JEBUS,NOAA20,2020-08-02,05:45:27.000000
105.6194,-1.7695,8,SUMATERA,KEP. BANGKA BELITUNG,KAB. BANGKA BARAT,JEBUS,SNPP,2020-08-02,06:36:41.000000
105.4292,-1.6424,8,SUMATERA,KEP. BANGKA BELITUNG,KAB. BANGKA BARAT,JEBUS,SNPP,2020-08-02,06:36:41.000000
105.6575,-1.7739,8,SUMATERA,KEP. BANGKA BELITUNG,KAB. BANGKA BARAT,KELAPA,AQUA,2020-08-02,06:17:00
105.5557,-1.9249,8,SUMATERA,KEP. BANGKA BELITUNG,KAB. BANGKA BARAT,KELAPA,SNPP,2020-08-02,06:36:41.000000
105.5488,-1.9073,8,SUMATERA,KEP. BANGKA BELITUNG,KAB. BANGKA BARAT,KELAPA,SNPP,2020-08-02,06:36:41.000000
105.6587,-1.7709,8,SUMATERA,KEP. BANGKA BELITUNG,KAB. BANGKA BARAT,KELAPA,SNPP,2020-08-02,06:36:41.000000
105.6545,-1.7715,8,SUMATERA,KEP. BANGKA BELITUNG,KAB. BANGKA BARAT,KELAPA,SNPP,2020-08-02,06:36:41.000000
105.2291,-1.9558,9,SUMATERA,KEP. BANGKA BELITUNG,KAB. BANGKA BARAT,MUNTOK,AQUA,2020-08-02,06:17:00
105.2180,-1.9574,8,SUMATERA,KEP. BANGKA BELITUNG,KAB. BANGKA BARAT,MUNTOK,AQUA,2020-08-02,06:17:00
105.2303,-1.9617,8,SUMATERA,KEP. BANGKA BELITUNG,KAB. BANGKA BARAT,MUNTOK,NOAA20,2020-08-02,05:45:27.000000
105.2267,-1.9623,8,SUMATERA,KEP. BANGKA BELITUNG,KAB. BANGKA BARAT,MUNTOK,NOAA20,2020-08-02,05:45:27.000000
105.2296,-1.9561,8,SUMATERA,KEP. BANGKA BELITUNG,KAB. BANGKA BARAT,MUNTOK,NOAA20,2020-08-02,05:45:27.000000
105.2259,-1.9567,8,SUMATERA,KEP. BANGKA BELITUNG,KAB. BANGKA BARAT,MUNTOK,NOAA20,2020-08-02,05:45:27.000000
105.2282,-1.9606,8,SUMATERA,KEP. BANGKA BELITUNG,KAB. BANGKA BARAT,MUNTOK,SNPP,2020-08-02,06:36:41.000000
105.2109,-1.9559,8,SUMATERA,KEP. BANGKA BELITUNG,KAB. BANGKA BARAT,MUNTOK,SNPP,2020-08-02,06:36:41.000000
106.1367,-2.5470,8,SUMATERA,KEP. BANGKA BELITUNG,KAB. BANGKA SELATAN,PAYUNG,TERRA,2020-08-02,03:25:00
106.0870,-2.5688,8,SUMATERA,KEP. BANGKA BELITUNG,KAB. BANGKA SELATAN,PAYUNG,AQUA,2020-08-02,06:17:00
106.0768,-2.5703,9,SUMATERA,KEP. BANGKA BELITUNG,KAB. BANGKA SELATAN,PAYUNG,AQUA,2020-08-02,06:17:00
106.1549,-2.5398,8,SUMATERA,KEP. BANGKA BELITUNG,KAB. BANGKA SELATAN,PAYUNG,AQUA,2020-08-02,06:17:00
106.2056,-2.6508,8,SUMATERA,KEP. BANGKA BELITUNG,KAB. BANGKA SELATAN,PAYUNG,SNPP,2020-08-02,06:35:16.000000
106.0810,-2.5659,8,SUMATERA,KEP. BANGKA BELITUNG,KAB. BANGKA SELATAN,PAYUNG,SNPP,2020-08-02,06:35:16.000000
106.0805,-2.5622,8,SUMATERA,KEP. BANGKA BELITUNG,KAB. BANGKA SELATAN,PAYUNG,SNPP,2020-08-02,06:35:16.000000
106.1580,-2.5386,8,SUMATERA,KEP. BANGKA BELITUNG,KAB. BANGKA SELATAN,PAYUNG,SNPP,2020-08-02,06:35:16.000000
106.1852,-2.5381,8,SUMATERA,KEP. BANGKA BELITUNG,KAB. BANGKA TENGAH,KOBA,SNPP,2020-08-02,06:35:16.000000
106.1952,-2.5136,8,SUMATERA,KEP. BANGKA BELITUNG,KAB. BANGKA TENGAH,KOBA,SNPP,2020-08-02,06:35:16.000000
106.1946,-2.5098,8,SUMATERA,KEP. BANGKA BELITUNG,KAB. BANGKA TENGAH,KOBA,SNPP,2020-08-02,06:35:16.000000
106.1958,-2.5127,8,SUMATERA,KEP. BANGKA BELITUNG,KAB. BANGKA TENGAH,KOBA,SNPP,2020-08-02,06:35:16.000000
106.1485,-2.5009,8,SUMATERA,KEP. BANGKA BELITUNG,KAB. BANGKA TENGAH,KOBA,SNPP,2020-08-02,06:35:16.000000
106.0494,-2.1871,8,SUMATERA,KEP. BANGKA BELITUNG,KAB. BANGKA TENGAH,SIMPANG KATIS,AQUA,2020-08-02,06:17:00
106.0526,-2.2996,8,SUMATERA,KEP. BANGKA BELITUNG,KAB. BANGKA TENGAH,SIMPANG KATIS,SNPP,2020-08-02,06:35:16.000000
106.0492,-2.1806,8,SUMATERA,KEP. BANGKA BELITUNG,KAB. BANGKA TENGAH,SIMPANG KATIS,SNPP,2020-08-02,06:35:16.000000
106.0448,-2.1812,8,SUMATERA,KEP. BANGKA BELITUNG,KAB. BANGKA TENGAH,SIMPANG KATIS,SNPP,2020-08-02,06:35:16.000000
105.9516,-2.4336,7,SUMATERA,KEP. BANGKA BELITUNG,KAB. BANGKA TENGAH,SUNGAI SELAM,AQUA,2020-08-02,06:17:00
105.9667,-2.3077,8,SUMATERA,KEP. BANGKA BELITUNG,KAB. BANGKA TENGAH,SUNGAI SELAM,NOAA20,2020-08-02,05:45:27.000000
105.9610,-2.4366,8,SUMATERA,KEP. BANGKA BELITUNG,KAB. BANGKA TENGAH,SUNGAI SELAM,SNPP,2020-08-02,06:35:16.000000
105.9567,-2.4372,8,SUMATERA,KEP. BANGKA BELITUNG,KAB. BANGKA TENGAH,SUNGAI SELAM,SNPP,2020-08-02,06:35:16.000000
105.9561,-2.4335,8,SUMATERA,KEP. BANGKA BELITUNG,KAB. BANGKA TENGAH,SUNGAI SELAM,SNPP,2020-08-02,06:35:16.000000
105.9605,-2.4329,7,SUMATERA,KEP. BANGKA BELITUNG,KAB. BANGKA TENGAH,SUNGAI SELAM,SNPP,2020-08-02,06:35:16.000000
105.9419,-2.3980,8,SUMATERA,KEP. BANGKA BELITUNG,KAB. BANGKA TENGAH,SUNGAI SELAM,SNPP,2020-08-02,06:35:16.000000
106.0389,-2.2979,8,SUMATERA,KEP. BANGKA BELITUNG,KAB. BANGKA TENGAH,SUNGAI SELAM,SNPP,2020-08-02,06:35:16.000000
107.7747,-2.8043,8,SUMATERA,KEP. BANGKA BELITUNG,KAB. BELITUNG,BADAU,TERRA,2020-08-02,03:25:00
107.7564,-2.8645,9,SUMATERA,KEP. BANGKA BELITUNG,KAB. BELITUNG,BADAU,AQUA,2020-08-02,06:17:00
107.7630,-2.8656,8,SUMATERA,KEP. BANGKA BELITUNG,KAB. BELITUNG,BADAU,SNPP,2020-08-02,06:35:16.000000
107.7624,-2.8615,8,SUMATERA,KEP. BANGKA BELITUNG,KAB. BELITUNG,BADAU,SNPP,2020-08-02,06:35:16.000000
108.0008,-3.1858,8,SUMATERA,KEP. BANGKA BELITUNG,KAB. BELITUNG TIMUR,DENDANG,NOAA20,2020-08-02,05:45:27.000000
107.9958,-3.1865,8,SUMATERA,KEP. BANGKA BELITUNG,KAB. BELITUNG TIMUR,DENDANG,NOAA20,2020-08-02,05:45:27.000000
107.9985,-3.1854,8,SUMATERA,KEP. BANGKA BELITUNG,KAB. BELITUNG TIMUR,DENDANG,SNPP,2020-08-02,06:35:16.000000
108.1255,-2.9045,8,SUMATERA,KEP. BANGKA BELITUNG,KAB. BELITUNG TIMUR,GANTUNG,AQUA,2020-08-02,06:17:00
108.0831,-2.8454,8,SUMATERA,KEP. BANGKA BELITUNG,KAB. BELITUNG TIMUR,GANTUNG,AQUA,2020-08-02,06:17:00
108.0847,-2.8453,8,SUMATERA,KEP. BANGKA BELITUNG,KAB. BELITUNG TIMUR,GANTUNG,NOAA20,2020-08-02,05:45:27.000000
108.1284,-2.9026,8,SUMATERA,KEP. BANGKA BELITUNG,KAB. BELITUNG TIMUR,GANTUNG,SNPP,2020-08-02,06:35:16.000000
108.0835,-2.8450,8,SUMATERA,KEP. BANGKA BELITUNG,KAB. BELITUNG TIMUR,GANTUNG,SNPP,2020-08-02,06:35:16.000000
108.1229,-2.8865,8,SUMATERA,KEP. BANGKA BELITUNG,KAB. BELITUNG TIMUR,MANGGAR,AQUA,2020-08-02,06:17:00
108.1245,-2.8774,8,SUMATERA,KEP. BANGKA BELITUNG,KAB. BELITUNG TIMUR,MANGGAR,SNPP,2020-08-02,06:35:16.000000
104.5606,1.1747,8,SUMATERA,KEP. RIAU,KAB. BINTAN,BINTAN UTARA,SNPP,2020-08-02,06:36:41.000000
104.5533,1.1061,8,SUMATERA,KEP. RIAU,KAB. BINTAN,GUNUNG KIJANG,SNPP,2020-08-02,06:36:41.000000
105.2861,-4.6601,8,SUMATERA,LAMPUNG,KAB. LAMPUNG TENGAH,NUNYAI,TERRA,2020-08-02,03:25:00
105.1943,-4.6558,8,SUMATERA,LAMPUNG,KAB. LAMPUNG TENGAH,NUNYAI,TERRA,2020-08-02,03:25:00
105.2848,-4.6691,8,SUMATERA,LAMPUNG,KAB. LAMPUNG TENGAH,NUNYAI,TERRA,2020-08-02,03:25:00
105.0340,-4.8717,8,SUMATERA,LAMPUNG,KAB. LAMPUNG UTARA,ABUNG SELATAN,TERRA,2020-08-02,03:25:00
104.8400,-4.7140,8,SUMATERA,LAMPUNG,KAB. LAMPUNG UTARA,SUNGKAI SELATAN,TERRA,2020-08-02,03:25:00
104.6269,-5.4932,8,SUMATERA,LAMPUNG,KAB. TANGGAMUS,KOTA AGUNG,TERRA,2020-08-02,03:25:00
105.8155,-4.5372,8,SUMATERA,LAMPUNG,KAB. TULANGBAWANG,GEDUNG MENENG,AQUA,2020-08-02,06:17:00
105.7896,-4.5144,8,SUMATERA,LAMPUNG,KAB. TULANGBAWANG,GEDUNG MENENG,NOAA20,2020-08-02,05:45:27.000000
105.7897,-4.5113,8,SUMATERA,LAMPUNG,KAB. TULANGBAWANG,GEDUNG MENENG,SNPP,2020-08-02,06:35:16.000000
105.7891,-4.5078,8,SUMATERA,LAMPUNG,KAB. TULANGBAWANG,GEDUNG MENENG,SNPP,2020-08-02,06:35:16.000000
105.2936,-4.5580,8,SUMATERA,LAMPUNG,KAB. TULANGBAWANG,MENGGALA,AQUA,2020-08-02,06:17:00
105.2967,-4.5592,8,SUMATERA,LAMPUNG,KAB. TULANGBAWANG,MENGGALA,NOAA20,2020-08-02,05:45:27.000000
105.2927,-4.5598,8,SUMATERA,LAMPUNG,KAB. TULANGBAWANG,MENGGALA,NOAA20,2020-08-02,05:45:27.000000
105.2919,-4.5540,8,SUMATERA,LAMPUNG,KAB. TULANGBAWANG,MENGGALA,NOAA20,2020-08-02,05:45:27.000000
105.2939,-4.5587,9,SUMATERA,LAMPUNG,KAB. TULANGBAWANG,MENGGALA,NOAA20,2020-08-02,05:45:27.000000
104.5435,-4.6994,8,SUMATERA,LAMPUNG,KAB. WAY KANAN,BARADATU,SNPP,2020-08-02,06:35:16.000000
102.8805,-0.2497,8,SUMATERA,RIAU,KAB. INDRAGIRI HILIR,GAUNGANAKSERKA,AQUA,2020-08-02,06:17:00
102.4926,-0.3885,8,SUMATERA,RIAU,KAB. INDRAGIRI HULU,RENGAT,SNPP,2020-08-02,06:36:41.000000
102.7069,0.9980,8,SUMATERA,RIAU,KAB. KEPULAUAN MERANTI,TEBINGTINGGI BARAT,AQUA,2020-08-02,06:17:00
102.2782,0.3609,7,SUMATERA,RIAU,KAB. PELALAWAN,BUNUT,AQUA,2020-08-02,06:17:00
100.3086,0.4772,8,SUMATERA,RIAU,KAB. ROKAN HULU,ROKAN EMPAT KOTO,SNPP,2020-08-02,06:36:41.000000
102.7773,-3.2572,8,SUMATERA,SUMATERA SELATAN,KAB. LUBUK LINGGAU,LUBUKLINGGAU BARAT,AQUA,2020-08-02,06:17:00
102.7763,-3.2488,8,SUMATERA,SUMATERA SELATAN,KAB. LUBUK LINGGAU,LUBUKLINGGAU BARAT,SNPP,2020-08-02,06:35:16.000000
102.7729,-3.2493,8,SUMATERA,SUMATERA SELATAN,KAB. LUBUK LINGGAU,LUBUKLINGGAU BARAT,SNPP,2020-08-02,06:35:16.000000
103.2909,-3.2347,8,SUMATERA,SUMATERA SELATAN,KAB. MUSI RAWAS,CECAR,NOAA20,2020-08-02,05:45:27.000000
102.9994,-3.3880,8,SUMATERA,SUMATERA SELATAN,KAB. MUSI RAWAS,MUARA BELITI,NOAA20,2020-08-02,05:45:27.000000
102.9985,-3.3890,8,SUMATERA,SUMATERA SELATAN,KAB. MUSI RAWAS,MUARA BELITI,NOAA20,2020-08-02,05:45:27.000000
102.9457,-2.5836,8,SUMATERA,SUMATERA SELATAN,KAB. MUSI RAWAS UTARA,NIBUNG,SNPP,2020-08-02,06:35:16.000000
103.1403,-2.6254,8,SUMATERA,SUMATERA SELATAN,KAB. MUSI RAWAS UTARA,RAWAS ILIR,SNPP,2020-08-02,06:35:16.000000
103.1368,-2.6259,8,SUMATERA,SUMATERA SELATAN,KAB. MUSI RAWAS UTARA,RAWAS ILIR,SNPP,2020-08-02,06:35:16.000000
103.0550,-2.5611,8,SUMATERA,SUMATERA SELATAN,KAB. MUSI RAWAS UTARA,RAWAS ILIR,SNPP,2020-08-02,06:35:16.000000
103.0902,-2.5353,8,SUMATERA,SUMATERA SELATAN,KAB. MUSI RAWAS UTARA,RAWAS ILIR,SNPP,2020-08-02,06:35:16.000000
103.0674,-2.5251,8,SUMATERA,SUMATERA SELATAN,KAB. MUSI RAWAS UTARA,RAWAS ILIR,SNPP,2020-08-02,06:35:16.000000
102.6971,-2.5848,8,SUMATERA,SUMATERA SELATAN,KAB. MUSI RAWAS UTARA,RAWAS ULU,SNPP,2020-08-02,06:35:16.000000
102.8023,-2.5315,8,SUMATERA,SUMATERA SELATAN,KAB. MUSI RAWAS UTARA,RAWAS ULU,SNPP,2020-08-02,06:35:16.000000
102.8992,-2.6757,8,SUMATERA,SUMATERA SELATAN,KAB. MUSI RAWAS UTARA,RUPIT,SNPP,2020-08-02,06:35:16.000000
105.5331,-2.9137,8,SUMATERA,SUMATERA SELATAN,KAB. OGAN KOMERING ILIR,TULUNG SELAPAN,AQUA,2020-08-02,06:17:00
99.4969,2.1916,8,SUMATERA,SUMATERA UTARA,KAB. LABUHANBATU UTARA,AEKNATAS,SNPP,2020-08-02,06:38:07.000000
99.5174,2.2053,8,SUMATERA,SUMATERA UTARA,KAB. LABUHANBATU UTARA,AEKNATAS,SNPP,2020-08-02,06:38:07.000000
99.5169,2.2087,8,SUMATERA,SUMATERA UTARA,KAB. LABUHANBATU UTARA,AEKNATAS,SNPP,2020-08-02,06:38:07.000000
99.4971,2.1921,8,SUMATERA,SUMATERA UTARA,KAB. LABUHANBATU UTARA,AEKNATAS,SNPP,2020-08-02,06:36:41.000000
99.3842,1.8883,8,SUMATERA,SUMATERA UTARA,KAB. TAPANULI SELATAN,SAIPAR DOLOK HOLE,SNPP,2020-08-02,06:36:41.000000
99.3242,1.9768,8,SUMATERA,SUMATERA UTARA,KAB. TAPANULI UTARA,GAROGA,SNPP,2020-08-02,06:36:41.000000
99.5106,2.2990,8,SUMATERA,SUMATERA UTARA,KAB. TOBA SAMOSIR,NASSAU,SNPP,2020-08-02,06:38:07.000000
99.4667,2.3405,8,SUMATERA,SUMATERA UTARA,KAB. TOBA SAMOSIR,NASSAU,SNPP,2020-08-02,06:38:07.000000
125.0726,-9.1921,8,not found,not found,not found,not found,TERRA,2020-08-02,01:45:00
125.0841,-9.1939,8,not found,not found,not found,not found,TERRA,2020-08-02,01:45:00
